,Bayesian_contract,Dynamic_contract,Deterministic_menu,Randomized_menu,r,P,c,DC > BC,DC > DM,DC > RM,Perfect EQ
0,7.819837279064278,8.678639605497231,12.069578419817617,12.108489095511684,[4 9],"[[[0.73976646 0.26023354]
  [0.24637659 0.75362341]]

 [[0.33926986 0.66073014]
  [0.44631786 0.55368214]]]","[[2.65058386 3.88405854]
 [1.46073014 1.35368214]]",True,False,False,"[('x0,,0', 6.286556817704006), ('x0,,1', 0.0), ('x1,0,0', 0.0), ('x1,0,1', 2.500000000000149), ('x1,1,0', 0.0), ('x1,1,1', 0.0), ('y0_0_0', 1.0), ('y0_0_1', 0.0), ('y0_1_0', 0.0), ('y0_1_1', 1.0), ('y1_0_0', 1.0), ('y1_0_1', 0.0), ('y1_1_0', 1.0), ('y1_1_1', 0.0), ('z0_1,0', 1.0), ('z0_1,1', 0.0), ('z0_2,0-0', 0.0), ('z0_2,1-0', 1.0), ('z0_2,0-1', 0.0), ('z0_2,1-1', 0.0), ('z1_1,0', 1.0), ('z1_1,1', 0.0), ('z1_2,0-0', 1.0), ('z1_2,1-0', 0.0), ('z1_2,0-1', 0.0), ('z1_2,1-1', 0.0), ('a0', 0.0), ('a1', 0.8632043138375116)]"
0,9.704354728052333,9.704354728052332,12.704354728052323,12.704354728052278,[6 7],"[[[0.45792622 0.54207378]
  [0.47256011 0.52743989]]

 [[0.60293414 0.39706586]
  [0.90325521 0.09674479]]]","[[1.63551845 1.63185997]
 [1.59926646 1.5241862 ]]",False,False,False,"[('x0,,0', 2.9999999999996696), ('x0,,1', 0.0), ('x1,0,0', 0.0), ('x1,0,1', 3.5000000000003526), ('x1,1,0', 0.0), ('x1,1,1', 0.0), ('y0_0_0', 1.0), ('y0_0_1', 0.0), ('y0_1_0', 1.0), ('y0_1_1', 0.0), ('y1_0_0', 1.0), ('y1_0_1', 0.0), ('y1_1_0', 1.0), ('y1_1_1', 0.0), ('z0_1,0', 1.0), ('z0_1,1', 0.0), ('z0_2,0-0', 1.0), ('z0_2,1-0', 0.0), ('z0_2,0-1', 0.0), ('z0_2,1-1', 0.0), ('z1_1,0', 1.0), ('z1_1,1', 0.0), ('z1_2,0-0', 1.0), ('z1_2,1-0', 0.0), ('z1_2,0-1', 0.0), ('z1_2,1-1', 0.0), ('a0', 0.0), ('a1', 0.0)]"
0,11.032530773141222,11.120305551815973,15.55580263121357,15.55580263121357,[6 9],"[[[0.35201726 0.64798274]
  [0.31904975 0.68095025]]

 [[0.44911731 0.55088269]
  [0.4627152  0.5372848 ]]]","[[1.98598706 2.01071269]
 [2.55088269 2.5372848 ]]",True,False,False,"[('x0,,0', 8.33053234397834), ('x0,,1', 0.0), ('x1,0,0', 0.0), ('x1,0,1', 0.0), ('x1,1,0', 0.6826208703905778), ('x1,1,1', 1.6826208703850258), ('y0_0_0', -0.0), ('y0_0_1', 1.0), ('y0_1_0', 0.0), ('y0_1_1', 1.0), ('y1_0_0', -0.0), ('y1_0_1', 1.0), ('y1_1_0', 1.0), ('y1_1_1', 0.0), ('z0_1,0', -0.0), ('z0_1,1', 1.0), ('z0_2,0-0', 0.0), ('z0_2,1-0', 0.0), ('z0_2,0-1', 0.0), ('z0_2,1-1', 1.0), ('z1_1,0', -0.0), ('z1_1,1', 1.0), ('z1_2,0-0', 0.0), ('z1_2,1-0', 0.0), ('z1_2,0-1', 1.0), ('z1_2,1-1', 0.0), ('a0', 0.0), ('a1', 0.0)]"
0,4.828820002988019,4.828820002988018,7.574383736942063,7.574383736942063,[1 7],"[[[0.27235688 0.72764312]
  [0.48520272 0.51479728]]

 [[0.58573333 0.41426667]
  [0.45136978 0.54863022]]]","[[2.68292935 2.04439185]
 [1.74280002 2.14589066]]",False,False,False,"[('x0,,0', 0.0), ('x0,,1', 4.3743000906480844), ('x1,0,0', 0.0), ('x1,0,1', 2.9999999999997797), ('x1,1,0', 0.24601744093992672), ('x1,1,1', 3.2460174409391476), ('y0_0_0', 1.0), ('y0_0_1', 0.0), ('y0_1_0', 1.0), ('y0_1_1', 0.0), ('y1_0_0', -0.0), ('y1_0_1', 1.0), ('y1_1_0', -0.0), ('y1_1_1', 1.0), ('z0_1,0', 1.0), ('z0_1,1', 0.0), ('z0_2,0-0', 1.0), ('z0_2,1-0', 0.0), ('z0_2,0-1', 0.0), ('z0_2,1-1', 0.0), ('z1_1,0', -0.0), ('z1_1,1', 1.0), ('z1_2,0-0', 0.0), ('z1_2,1-0', 0.0), ('z1_2,0-1', 0.0), ('z1_2,1-1', 1.0), ('a0', 0.0), ('a1', 0.0)]"
0,7.853548351944687,8.01967452992412,9.29873622486013,9.29873622486013,[1 9],"[[[0.50437956 0.49562044]
  [0.36692855 0.63307145]]

 [[0.58327841 0.41672159]
  [0.41053113 0.58946887]]]","[[0.9929927  1.21291432]
 [1.44459091 1.90525032]]",True,False,False,"[('x0,,0', 4.953349511792777), ('x0,,1', 0.0), ('x1,0,0', 0.0), ('x1,0,1', 0.0), ('x1,1,0', 0.20507947022453746), ('x1,1,1', 2.871746136890724), ('y0_0_0', 0.0), ('y0_0_1', 1.0), ('y0_1_0', 0.0), ('y0_1_1', 1.0), ('y1_0_0', -0.0), ('y1_0_1', 1.0), ('y1_1_0', 0.0), ('y1_1_1', 1.0), ('z0_1,0', 0.0), ('z0_1,1', 1.0), ('z0_2,0-0', 0.0), ('z0_2,1-0', 0.0), ('z0_2,0-1', 0.0), ('z0_2,1-1', 1.0), ('z1_1,0', -0.0), ('z1_1,1', 1.0), ('z1_2,0-0', 0.0), ('z1_2,1-0', 0.0), ('z1_2,0-1', 0.0), ('z1_2,1-1', 1.0), ('a0', 1.2849667318278593), ('a1', 0.0)]"
0,5.541844081570883,5.556235766899738,7.396677555484507,7.396677555484507,[3 5],"[[[0.89330547 0.10669453]
  [0.43525487 0.56474513]]

 [[0.51723696 0.48276304]
  [0.52499928 0.47500072]]]","[[1.07112969 1.37649675]
 [0.99138152 0.98750036]]",True,False,False,"[('x0,,0', 0.0), ('x0,,1', 4.208087216943237), ('x1,0,0', 0.05167713587477812), ('x1,0,1', 0.5516771358659214), ('x1,1,0', 0.0), ('x1,1,1', 0.6666666666667548), ('y0_0_0', -0.0), ('y0_0_1', 1.0), ('y0_1_0', 0.0), ('y0_1_1', 1.0), ('y1_0_0', 1.0), ('y1_0_1', 0.0), ('y1_1_0', 1.0), ('y1_1_1', 0.0), ('z0_1,0', -0.0), ('z0_1,1', 1.0), ('z0_2,0-0', 0.0), ('z0_2,1-0', 0.0), ('z0_2,0-1', 0.0), ('z0_2,1-1', 1.0), ('z1_1,0', 1.0), ('z1_1,1', 0.0), ('z1_2,0-0', 1.0), ('z1_2,1-0', 0.0), ('z1_2,0-1', 0.0), ('z1_2,1-1', 0.0), ('a0', 0.0), ('a1', 0.34180459022590653)]"
0,7.2699543208690045,7.313032379770851,8.976594097959795,8.976594097959795,[2 8],"[[[0.69196506 0.30803494]
  [0.42164133 0.57835867]]

 [[0.54156823 0.45843177]
  [0.42753675 0.57246325]]]","[[0.76964193 1.0940304 ]
 [1.58353021 1.81159316]]",True,False,False,"[('x0,,0', 0.0), ('x0,,1', 4.16775214901618), ('x1,0,0', 0.33956687847452266), ('x1,0,1', 2.3395668784736863), ('x1,1,0', 0.0), ('x1,1,1', 1.2000000000003186), ('y0_0_0', -0.0), ('y0_0_1', 1.0), ('y0_1_0', 0.0), ('y0_1_1', 1.0), ('y1_0_0', 1.0), ('y1_0_1', 0.0), ('y1_1_0', 0.0), ('y1_1_1', 1.0), ('z0_1,0', -0.0), ('z0_1,1', 1.0), ('z0_2,0-0', 0.0), ('z0_2,1-0', 0.0), ('z0_2,0-1', 0.0), ('z0_2,1-1', 1.0), ('z1_1,0', 1.0), ('z1_1,1', 0.0), ('z1_2,0-0', 0.0), ('z1_2,1-0', 1.0), ('z1_2,0-1', 0.0), ('z1_2,1-1', 0.0), ('a0', 0.9164251767519558), ('a1', 0.0)]"
0,9.287681004688611,9.28768100468861,13.605859013556442,13.605859013556442,[6 9],"[[[0.17185665 0.82814335]
  [0.75484007 0.24515993]]

 [[0.75757068 0.24242932]
  [0.84066802 0.15933198]]]","[[4.24221503 3.3677399 ]
 [1.68182199 1.61949899]]",False,False,False,"[('x0,,0', 0.0), ('x0,,1', 7.242809279887872), ('x1,0,0', 1.2441306604532623), ('x1,0,1', 2.7441306604533775), ('x1,1,0', 0.0), ('x1,1,1', 0.0), ('y0_0_0', 1.0), ('y0_0_1', 0.0), ('y0_1_0', 1.0), ('y0_1_1', 0.0), ('y1_0_0', 1.0), ('y1_0_1', 0.0), ('y1_1_0', 1.0), ('y1_1_1', 0.0), ('z0_1,0', 1.0), ('z0_1,1', 0.0), ('z0_2,0-0', 1.0), ('z0_2,1-0', 0.0), ('z0_2,0-1', 0.0), ('z0_2,1-1', 0.0), ('z1_1,0', 1.0), ('z1_1,1', 0.0), ('z1_2,0-0', 1.0), ('z1_2,1-0', 0.0), ('z1_2,0-1', 0.0), ('z1_2,1-1', 0.0), ('a0', 0.0), ('a1', 0.0)]"
0,6.560757125933187,6.560757125933179,8.560757125933092,8.560757125933092,[4 5],"[[[0.41915167 0.58084833]
  [0.63329402 0.36670598]]

 [[0.93438761 0.06561239]
  [0.83317217 0.16682783]]]","[[1.14521208 1.0916765 ]
 [1.0164031  1.04170696]]",False,False,False,"[('x0,,0', 2.0000000000000124), ('x0,,1', 2.2500000000002713), ('x1,0,0', 0.0), ('x1,0,1', 0.24999999999955608), ('x1,1,0', 0.0), ('x1,1,1', 0.2499999999991474), ('y0_0_0', 1.0), ('y0_0_1', 0.0), ('y0_1_0', 1.0), ('y0_1_1', 0.0), ('y1_0_0', -0.0), ('y1_0_1', 1.0), ('y1_1_0', -0.0), ('y1_1_1', 1.0), ('z0_1,0', 1.0), ('z0_1,1', 0.0), ('z0_2,0-0', 1.0), ('z0_2,1-0', 0.0), ('z0_2,0-1', 0.0), ('z0_2,1-1', 0.0), ('z1_1,0', -0.0), ('z1_1,1', 1.0), ('z1_2,0-0', 0.0), ('z1_2,1-0', 0.0), ('z1_2,0-1', 0.0), ('z1_2,1-1', 1.0), ('a0', 0.0), ('a1', 0.0)]"
0,5.912335920071586,6.694907922814253,10.806046569520873,10.845583620482945,[5 6],"[[[0.11252656 0.88747344]
  [0.55838694 0.44161306]]

 [[0.46014874 0.53985126]
  [0.67840359 0.32159641]]]","[[1.96249115 1.81387102]
 [2.76992563 2.66079821]]",True,False,False,"[('x0,,0', 6.496824638069383), ('x0,,1', 0.0), ('x1,0,0', 1.5508902375213411), ('x1,0,1', 3.4022433796688247), ('x1,1,0', 0.0), ('x1,1,1', 0.0), ('y0_0_0', 1.0), ('y0_0_1', 0.0), ('y0_1_0', 1.0), ('y0_1_1', 0.0), ('y1_0_0', 1.0), ('y1_0_1', 0.0), ('y1_1_0', 1.0), ('y1_1_1', 0.0), ('z0_1,0', 1.0), ('z0_1,1', 0.0), ('z0_2,0-0', 1.0), ('z0_2,1-0', 0.0), ('z0_2,0-1', 0.0), ('z0_2,1-1', 0.0), ('z1_1,0', 1.0), ('z1_1,1', 0.0), ('z1_2,0-0', 1.0), ('z1_2,1-0', 0.0), ('z1_2,0-1', 0.0), ('z1_2,1-1', 0.0), ('a0', 0.0), ('a1', 0.0)]"
0,7.336716312758004,8.04322333552816,12.406862457291627,12.406862457291627,[5 9],"[[[0.84821201 0.15178799]
  [0.69623549 0.30376451]]

 [[0.55007237 0.44992763]
  [0.39911463 0.60088537]]]","[[2.80357598 3.10752901]
 [2.26657017 2.46784716]]",True,False,False,"[('x0,,0', 6.6105547602651935), ('x0,,1', 0.0), ('x1,0,0', 0.0), ('x1,0,1', 0.0), ('x1,1,0', 0.9124736055200581), ('x1,1,1', 3.21715878800877), ('y0_0_0', -0.0), ('y0_0_1', 1.0), ('y0_1_0', 0.0), ('y0_1_1', 1.0), ('y1_0_0', -0.0), ('y1_0_1', 1.0), ('y1_1_0', 0.0), ('y1_1_1', 1.0), ('z0_1,0', -0.0), ('z0_1,1', 1.0), ('z0_2,0-0', 0.0), ('z0_2,1-0', 0.0), ('z0_2,0-1', 0.0), ('z0_2,1-1', 1.0), ('z1_1,0', -0.0), ('z1_1,1', 1.0), ('z1_2,0-0', 0.0), ('z1_2,1-0', 0.0), ('z1_2,0-1', 0.0), ('z1_2,1-1', 1.0), ('a0', 0.0), ('a1', 0.0)]"
0,8.745946846599015,8.745946846599015,9.839921243245701,9.986485985198613,[2 8],"[[[0.68887561 0.31112439]
  [0.42972991 0.57027009]]

 [[0.44924427 0.55075573]
  [0.11028977 0.88971023]]]","[[0.77334927 1.0843241 ]
 [1.76817813 2.44608712]]",False,False,False,"[('x0,,0', 0.0), ('x0,,1', 0.0), ('x1,0,0', 0.0), ('x1,0,1', 0.0), ('x1,1,0', 0.0), ('x1,1,1', 5.498615273843905), ('y0_0_0', 0.0), ('y0_0_1', 1.0), ('y0_1_0', 0.0), ('y0_1_1', 1.0), ('y1_0_0', -0.0), ('y1_0_1', 1.0), ('y1_1_0', 0.0), ('y1_1_1', 1.0), ('z0_1,0', 0.0), ('z0_1,1', 1.0), ('z0_2,0-0', 0.0), ('z0_2,1-0', 0.0), ('z0_2,0-1', 0.0), ('z0_2,1-1', 1.0), ('z1_1,0', -0.0), ('z1_1,1', 1.0), ('z1_2,0-0', 0.0), ('z1_2,1-0', 0.0), ('z1_2,0-1', 0.0), ('z1_2,1-1', 1.0), ('a0', 0.9670475963471898), ('a1', 0.0)]"
0,6.593695788462,6.802772658198463,7.258399268448631,7.258399268448632,[1 7],"[[[0.34075877 0.65924123]
  [0.766444   0.233556  ]]

 [[0.57550441 0.42449559]
  [0.34464141 0.65535859]]]","[[1.65181579 0.80044533]
 [0.70939471 0.98643031]]",True,False,False,"[('x0,,0', 0.0), ('x0,,1', 3.0112636124455987), ('x1,0,0', 0.0), ('x1,0,1', 2.000000000000076), ('x1,1,0', 0.10613313105234531), ('x1,1,1', 1.3061331310524629), ('y0_0_0', 1.0), ('y0_0_1', 0.0), ('y0_1_0', 1.0), ('y0_1_1', 0.0), ('y1_0_0', -0.0), ('y1_0_1', 1.0), ('y1_1_0', -0.0), ('y1_1_1', 1.0), ('z0_1,0', 1.0), ('z0_1,1', 0.0), ('z0_2,0-0', 1.0), ('z0_2,1-0', 0.0), ('z0_2,0-1', 0.0), ('z0_2,1-1', 0.0), ('z1_1,0', -0.0), ('z1_1,1', 1.0), ('z1_2,0-0', 0.0), ('z1_2,1-0', 0.0), ('z1_2,0-1', 0.0), ('z1_2,1-1', 1.0), ('a0', 0.0), ('a1', 0.8931602948842092)]"
0,8.462227706052037,8.607577388342014,16.632588905263532,16.632588905263532,[8 9],"[[[0.52585484 0.47414516]
  [0.69390941 0.30609059]]

 [[0.54968974 0.45031026]
  [0.68340902 0.31659098]]]","[[1.69482903 1.66121812]
 [4.22515513 4.15829549]]",True,False,False,"[('x0,,0', 11.696374036343718), ('x0,,1', 0.0), ('x1,0,0', 1.7957782743377617), ('x1,0,1', 2.295778274337526), ('x1,1,0', 0.0), ('x1,1,1', 0.0), ('y0_0_0', 1.0), ('y0_0_1', 0.0), ('y0_1_0', 1.0), ('y0_1_1', 0.0), ('y1_0_0', 1.0), ('y1_0_1', 0.0), ('y1_1_0', 1.0), ('y1_1_1', 0.0), ('z0_1,0', 1.0), ('z0_1,1', 0.0), ('z0_2,0-0', 1.0), ('z0_2,1-0', 0.0), ('z0_2,0-1', 0.0), ('z0_2,1-1', 0.0), ('z1_1,0', 1.0), ('z1_1,1', 0.0), ('z1_2,0-0', 1.0), ('z1_2,1-0', 0.0), ('z1_2,0-1', 0.0), ('z1_2,1-1', 0.0), ('a0', 4.79378772927406), ('a1', 0.0)]"
0,7.742184199718603,7.797142728116971,7.742184199718497,7.742184199718498,[0 7],"[[[0.18025854 0.81974146]
  [0.58672134 0.41327866]]

 [[0.16070199 0.83929801]
  [0.47283376 0.52716624]]]","[[1.91273007 0.96431687]
 [1.17501722 0.73803273]]",True,True,True,"[('x0,,0', 3.287137546785432), ('x0,,1', 0.0), ('x1,0,0', 1.320195443712766), ('x1,0,1', 3.653528777045814), ('x1,1,0', 0.0), ('x1,1,1', 0.0), ('y0_0_0', 1.0), ('y0_0_1', 0.0), ('y0_1_0', 1.0), ('y0_1_1', 0.0), ('y1_0_0', 1.0), ('y1_0_1', 0.0), ('y1_1_0', 1.0), ('y1_1_1', 0.0), ('z0_1,0', 1.0), ('z0_1,1', 0.0), ('z0_2,0-0', 1.0), ('z0_2,1-0', 0.0), ('z0_2,0-1', 0.0), ('z0_2,1-1', 0.0), ('z1_1,0', 1.0), ('z1_1,1', 0.0), ('z1_2,0-0', 1.0), ('z1_2,1-0', 0.0), ('z1_2,0-1', 0.0), ('z1_2,1-1', 0.0), ('a0', 0.0), ('a1', 1.4567725692920872)]"
0,7.095661742668112,7.142190497405473,12.820745707280167,12.820745707280167,[5 7],"[[[0.32680751 0.67319249]
  [0.20693519 0.79306481]]

 [[0.25840733 0.74159267]
  [0.26281964 0.73718036]]]","[[3.17319249 3.29306481]
 [1.62079633 1.61859018]]",True,False,False,"[('x0,,0', 19.090445300799242), ('x0,,1', 0.0), ('x1,0,0', 0.32889113903755657), ('x1,0,1', 0.0), ('x1,1,0', 0.0), ('x1,1,1', 0.0), ('y0_0_0', 1.0), ('y0_0_1', 0.0), ('y0_1_0', 1.0), ('y0_1_1', 0.0), ('y1_0_0', 1.0), ('y1_0_1', 0.0), ('y1_1_0', -0.0), ('y1_1_1', 1.0), ('z0_1,0', 1.0), ('z0_1,1', 0.0), ('z0_2,0-0', 1.0), ('z0_2,1-0', 0.0), ('z0_2,0-1', 0.0), ('z0_2,1-1', 0.0), ('z1_1,0', 1.0), ('z1_1,1', 0.0), ('z1_2,0-0', 0.0), ('z1_2,1-0', 1.0), ('z1_2,0-1', 0.0), ('z1_2,1-1', 0.0), ('a0', 0.0), ('a1', 1.7801635355389416)]"
0,4.197339179940984,4.2605079649819215,6.871055507777767,6.871055507777767,[2 6],"[[[0.43552191 0.56447809]
  [0.53410324 0.46589676]]

 [[0.74813288 0.25186712]
  [0.70066808 0.29933192]]]","[[2.12895619 1.93179352]
 [1.00248949 1.06577589]]",True,False,False,"[('x0,,0', 0.0), ('x0,,1', 5.543095871446848), ('x1,0,0', 0.0), ('x1,0,1', 1.9999999999997906), ('x1,1,0', 0.07321704144687956), ('x1,1,1', 1.406550374781965), ('y0_0_0', 1.0), ('y0_0_1', 0.0), ('y0_1_0', 1.0), ('y0_1_1', 0.0), ('y1_0_0', -0.0), ('y1_0_1', 1.0), ('y1_1_0', -0.0), ('y1_1_1', 1.0), ('z0_1,0', 1.0), ('z0_1,1', 0.0), ('z0_2,0-0', 1.0), ('z0_2,1-0', 0.0), ('z0_2,0-1', 0.0), ('z0_2,1-1', 0.0), ('z1_1,0', -0.0), ('z1_1,1', 1.0), ('z1_2,0-0', 0.0), ('z1_2,1-0', 0.0), ('z1_2,0-1', 0.0), ('z1_2,1-1', 1.0), ('a0', 0.0), ('a1', 0.0)]"
0,10.717104792830536,10.717104792830533,16.85757050086659,16.85757050086659,[8 9],"[[[0.5317243  0.4682757 ]
  [0.6012188  0.3987812 ]]

 [[0.05784724 0.94215276]
  [0.5412107  0.4587893 ]]]","[[2.11706892 2.0996953 ]
 [4.47107638 4.22939465]]",False,False,False,"[('x0,,0', 0.0), ('x0,,1', 0.0), ('x1,0,0', 0.0), ('x1,0,1', 9.491192048158496), ('x1,1,0', 0.0), ('x1,1,1', 0.0), ('y0_0_0', 1.0), ('y0_0_1', 0.0), ('y0_1_0', 1.0), ('y0_1_1', 0.0), ('y1_0_0', 1.0), ('y1_0_1', 0.0), ('y1_1_0', 1.0), ('y1_1_1', 0.0), ('z0_1,0', 1.0), ('z0_1,1', 0.0), ('z0_2,0-0', 1.0), ('z0_2,1-0', 0.0), ('z0_2,0-1', 0.0), ('z0_2,1-1', 0.0), ('z1_1,0', 1.0), ('z1_1,1', 0.0), ('z1_2,0-0', 1.0), ('z1_2,1-0', 0.0), ('z1_2,0-1', 0.0), ('z1_2,1-1', 0.0), ('a0', 0.21035671579054238), ('a1', 0.0)]"
0,4.294386817545696,4.294386817545851,4.294386817545929,4.294386817545929,[0 5],"[[[0.64725391 0.35274609]
  [0.60293941 0.39706059]]

 [[0.53924755 0.46075245]
  [0.32346388 0.67653612]]]","[[0.35274609 0.39706059]
 [0.46075245 0.67653612]]",True,False,False,"[('x0,,0', 0.0), ('x0,,1', 0.0), ('x1,0,0', 0.0), ('x1,0,1', 0.0), ('x1,1,0', 0.0), ('x1,1,1', 2.000000000000144), ('y0_0_0', 0.0), ('y0_0_1', 1.0), ('y0_1_0', 0.0), ('y0_1_1', 1.0), ('y1_0_0', -0.0), ('y1_0_1', 1.0), ('y1_1_0', 0.0), ('y1_1_1', 1.0), ('z0_1,0', 0.0), ('z0_1,1', 1.0), ('z0_2,0-0', 0.0), ('z0_2,1-0', 0.0), ('z0_2,0-1', 0.0), ('z0_2,1-1', 1.0), ('z1_1,0', -0.0), ('z1_1,1', 1.0), ('z1_2,0-0', 0.0), ('z1_2,1-0', 0.0), ('z1_2,0-1', 0.0), ('z1_2,1-1', 1.0), ('a0', 0.0), ('a1', 0.0)]"
0,1.8527226383051567,1.8538682545730956,2.685316084190559,2.685316084190559,[0 3],"[[[0.55052548 0.44947452]
  [0.5249976  0.4750024 ]]

 [[0.54864108 0.45135892]
  [0.55436916 0.44563084]]]","[[0.44947452 0.4750024 ]
 [0.27081535 0.2673785 ]]",True,False,False,"[('x0,,0', 0.0), ('x0,,1', 1.000000000002321), ('x1,0,0', 0.0), ('x1,0,1', 0.9949237016601896), ('x1,1,0', 0.0), ('x1,1,1', 0.9999999999975471), ('y0_0_0', -0.0), ('y0_0_1', 1.0), ('y0_1_0', 0.0), ('y0_1_1', 1.0), ('y1_0_0', 1.0), ('y1_0_1', 0.0), ('y1_1_0', 1.0), ('y1_1_1', 0.0), ('z0_1,0', -0.0), ('z0_1,1', 1.0), ('z0_2,0-0', 0.0), ('z0_2,1-0', 0.0), ('z0_2,0-1', 0.0), ('z0_2,1-1', 1.0), ('z1_1,0', 1.0), ('z1_1,1', 0.0), ('z1_2,0-0', 1.0), ('z1_2,1-0', 0.0), ('z1_2,0-1', 0.0), ('z1_2,1-1', 0.0), ('a0', 0.0), ('a1', 0.35879590357923086)]"
0,7.09039935010988,7.265007051973818,11.563583893924307,11.563583893924307,[5 7],"[[[0.33815476 0.66184524]
  [0.82143194 0.17856806]]

 [[0.1423055  0.8576945 ]
  [0.61945598 0.38054402]]]","[[1.58092262 1.33928403]
 [3.3576945  2.88054402]]",True,False,False,"[('x0,,0', 0.0), ('x0,,1', 6.081002791883433), ('x1,0,0', 0.0), ('x1,0,1', 0.4999999999999417), ('x1,1,0', 0.0), ('x1,1,1', 4.57522960334637), ('y0_0_0', 1.0), ('y0_0_1', 0.0), ('y0_1_0', 1.0), ('y0_1_1', 0.0), ('y1_0_0', -0.0), ('y1_0_1', 1.0), ('y1_1_0', 1.0), ('y1_1_1', 0.0), ('z0_1,0', 1.0), ('z0_1,1', 0.0), ('z0_2,0-0', 1.0), ('z0_2,1-0', 0.0), ('z0_2,0-1', 0.0), ('z0_2,1-1', 0.0), ('z1_1,0', -0.0), ('z1_1,1', 1.0), ('z1_2,0-0', 0.0), ('z1_2,1-0', 0.0), ('z1_2,0-1', 1.0), ('z1_2,1-1', 0.0), ('a0', 1.193760142806978), ('a1', 0.0)]"
0,9.683226215553855,9.683226215553855,12.183226215553832,12.183226215553832,[5 7],"[[[0.16374377 0.83625623]
  [0.5402435  0.4597565 ]]

 [[0.50237884 0.49762116]
  [0.38077209 0.61922791]]]","[[1.66812812 1.47987825]
 [1.49881058 1.55961396]]",False,False,False,"[('x0,,0', 0.0), ('x0,,1', 0.4999999999995708), ('x1,0,0', 0.0), ('x1,0,1', 3.4895143488533367), ('x1,1,0', 2.500000000000197), ('x1,1,1', 3.000000000000197), ('y0_0_0', 1.0), ('y0_0_1', 0.0), ('y0_1_0', 1.0), ('y0_1_1', 0.0), ('y1_0_0', -0.0), ('y1_0_1', 1.0), ('y1_1_0', -0.0), ('y1_1_1', 1.0), ('z0_1,0', 1.0), ('z0_1,1', 0.0), ('z0_2,0-0', 1.0), ('z0_2,1-0', 0.0), ('z0_2,0-1', 0.0), ('z0_2,1-1', 0.0), ('z1_1,0', -0.0), ('z1_1,1', 1.0), ('z1_2,0-0', 0.0), ('z1_2,1-0', 0.0), ('z1_2,0-1', 0.0), ('z1_2,1-1', 1.0), ('a0', 0.0), ('a1', 0.0)]"
0,5.8398244064404174,5.8398244064404174,6.6398244064403595,6.6398244064403595,[2 4],"[[[0.12751465 0.87248535]
  [0.56809034 0.43190966]]

 [[0.22259509 0.77740491]
  [0.92256661 0.07743339]]]","[[0.74899414 0.57276386]
 [0.71096196 0.43097336]]",False,False,False,"[('x0,,0', 0.8000000000003833), ('x0,,1', 0.0), ('x1,0,0', 0.0), ('x1,0,1', 1.5999999999998489), ('x1,1,0', 0.0), ('x1,1,1', 0.0), ('y0_0_0', 1.0), ('y0_0_1', 0.0), ('y0_1_0', 1.0), ('y0_1_1', 0.0), ('y1_0_0', 1.0), ('y1_0_1', 0.0), ('y1_1_0', 1.0), ('y1_1_1', 0.0), ('z0_1,0', 1.0), ('z0_1,1', 0.0), ('z0_2,0-0', 1.0), ('z0_2,1-0', 0.0), ('z0_2,0-1', 0.0), ('z0_2,1-1', 0.0), ('z1_1,0', 1.0), ('z1_1,1', 0.0), ('z1_2,0-0', 1.0), ('z1_2,1-0', 0.0), ('z1_2,0-1', 0.0), ('z1_2,1-1', 0.0), ('a0', 0.0), ('a1', 0.0)]"
0,3.0243927080478743,3.5981253717394837,4.836377689263132,4.836377689263132,[1 4],"[[[0.43521253 0.56478747]
  [0.2271605  0.7728395 ]]

 [[0.61932824 0.38067176]
  [0.56835645 0.43164355]]]","[[0.6735906  0.82962963]
 [1.07100764 1.14746533]]",True,False,False,"[('x0,,0', 2.7597286292314127), ('x0,,1', 0.2587038893148782), ('x1,0,0', 0.0), ('x1,0,1', 0.0), ('x1,1,0', 0.2527917213840066), ('x1,1,1', 1.0027917213843005), ('y0_0_0', -0.0), ('y0_0_1', 1.0), ('y0_1_0', 0.0), ('y0_1_1', 1.0), ('y1_0_0', -0.0), ('y1_0_1', 1.0), ('y1_1_0', 1.0), ('y1_1_1', 0.0), ('z0_1,0', -0.0), ('z0_1,1', 1.0), ('z0_2,0-0', 0.0), ('z0_2,1-0', 0.0), ('z0_2,0-1', 0.0), ('z0_2,1-1', 1.0), ('z1_1,0', -0.0), ('z1_1,1', 1.0), ('z1_2,0-0', 0.0), ('z1_2,1-0', 0.0), ('z1_2,0-1', 1.0), ('z1_2,1-1', 0.0), ('a0', 0.0), ('a1', 0.0)]"
0,6.303116823695969,6.772145999945544,9.473815109665335,9.562153097184108,[4 6],"[[[0.87344123 0.12655877]
  [0.25595502 0.74404498]]

 [[0.28947242 0.71052758]
  [0.38965122 0.61034878]]]","[[2.12655877 2.74404498]
 [1.08421103 1.04413951]]",True,False,False,"[('x0,,0', 4.558704981795829), ('x0,,1', 0.0), ('x1,0,0', 0.0), ('x1,0,1', 1.1946090719136144), ('x1,1,0', 0.0), ('x1,1,1', 0.0), ('y0_0_0', 1.0), ('y0_0_1', 0.0), ('y0_1_0', 0.0), ('y0_1_1', 1.0), ('y1_0_0', 1.0), ('y1_0_1', 0.0), ('y1_1_0', 1.0), ('y1_1_1', 0.0), ('z0_1,0', 1.0), ('z0_1,1', 0.0), ('z0_2,0-0', 0.0), ('z0_2,1-0', 1.0), ('z0_2,0-1', 0.0), ('z0_2,1-1', 0.0), ('z1_1,0', 1.0), ('z1_1,1', 0.0), ('z1_2,0-0', 1.0), ('z1_2,1-0', 0.0), ('z1_2,0-1', 0.0), ('z1_2,1-1', 0.0), ('a0', 0.0), ('a1', 0.0)]"
0,3.756646164974682,3.9286855503864353,5.083235523819127,5.083235523819127,[2 3],"[[[0.67543309 0.32456691]
  [0.42875274 0.57124726]]

 [[0.12906563 0.87093437]
  [0.24133138 0.75866862]]]","[[0.77485564 0.85708242]
 [0.57418687 0.55173372]]",True,False,False,"[('x0,,0', 1.7881238533404655), ('x0,,1', 0.7202344737198), ('x1,0,0', 0.0), ('x1,0,1', 0.3333333333329846), ('x1,1,0', 0.0), ('x1,1,1', 0.0), ('y0_0_0', 1.0), ('y0_0_1', 0.0), ('y0_1_0', 0.0), ('y0_1_1', 1.0), ('y1_0_0', 1.0), ('y1_0_1', 0.0), ('y1_1_0', 1.0), ('y1_1_1', 0.0), ('z0_1,0', 1.0), ('z0_1,1', 0.0), ('z0_2,0-0', 0.0), ('z0_2,1-0', 1.0), ('z0_2,0-1', 0.0), ('z0_2,1-1', 0.0), ('z1_1,0', 1.0), ('z1_1,1', 0.0), ('z1_2,0-0', 1.0), ('z1_2,1-0', 0.0), ('z1_2,0-1', 0.0), ('z1_2,1-1', 0.0), ('a0', 0.0), ('a1', 0.0)]"
0,3.342909381017801,3.7935181261796416,5.835208411747659,5.835208411747659,[2 4],"[[[0.47680799 0.52319201]
  [0.23922418 0.76077582]]

 [[0.50277812 0.49722188]
  [0.6055878  0.3944122 ]]]","[[1.01546134 1.17385054]
 [1.49722188 1.3944122 ]]",True,False,False,"[('x0,,0', 2.2040587021737617), ('x0,,1', 0.0), ('x1,0,0', 0.0), ('x1,0,1', 0.0), ('x1,1,0', 1.0596611272929968), ('x1,1,1', 2.059661127293027), ('y0_0_0', -0.0), ('y0_0_1', 1.0), ('y0_1_0', 0.0), ('y0_1_1', 1.0), ('y1_0_0', -0.0), ('y1_0_1', 1.0), ('y1_1_0', 1.0), ('y1_1_1', 0.0), ('z0_1,0', -0.0), ('z0_1,1', 1.0), ('z0_2,0-0', 0.0), ('z0_2,1-0', 0.0), ('z0_2,0-1', 0.0), ('z0_2,1-1', 1.0), ('z1_1,0', -0.0), ('z1_1,1', 1.0), ('z1_2,0-0', 0.0), ('z1_2,1-0', 0.0), ('z1_2,0-1', 1.0), ('z1_2,1-1', 0.0), ('a0', 0.0), ('a1', 0.0)]"
0,4.054482025748296,4.093702104896201,4.554482025748236,4.554482025748236,[1 3],"[[[0.16716457 0.83283543]
  [0.57648268 0.42351732]]

 [[0.12984741 0.87015259]
  [0.52372854 0.47627146]]]","[[0.66641771 0.46175866]
 [0.54806104 0.39050858]]",True,False,False,"[('x0,,0', 1.6019862530245172), ('x0,,1', 0.0), ('x1,0,0', 0.6486223684012702), ('x1,0,1', 1.1486223684011752), ('x1,1,0', 0.0), ('x1,1,1', 0.0), ('y0_0_0', 1.0), ('y0_0_1', 0.0), ('y0_1_0', 1.0), ('y0_1_1', 0.0), ('y1_0_0', 1.0), ('y1_0_1', 0.0), ('y1_1_0', 1.0), ('y1_1_1', 0.0), ('z0_1,0', 1.0), ('z0_1,1', 0.0), ('z0_2,0-0', 1.0), ('z0_2,1-0', 0.0), ('z0_2,0-1', 0.0), ('z0_2,1-1', 0.0), ('z1_1,0', 1.0), ('z1_1,1', 0.0), ('z1_2,0-0', 1.0), ('z1_2,1-0', 0.0), ('z1_2,0-1', 0.0), ('z1_2,1-1', 0.0), ('a0', 0.0), ('a1', 0.19559035946699166)]"
0,2.719178869606753,3.1465975888570568,4.9827870420616645,4.9827870420616645,[2 3],"[[[0.6841402  0.3158598 ]
  [0.21086315 0.78913685]]

 [[0.42466113 0.57533887]
  [0.56065305 0.43934695]]]","[[0.46317196 0.55782737]
 [1.28766943 1.21967348]]",True,False,False,"[('x0,,0', 2.243859734658128), ('x0,,1', 0.0), ('x1,0,0', 0.0), ('x1,0,1', 0.0), ('x1,1,0', 1.0934507684452937), ('x1,1,1', 1.293450768445457), ('y0_0_0', -0.0), ('y0_0_1', 1.0), ('y0_1_0', -0.0), ('y0_1_1', 1.0), ('y1_0_0', -0.0), ('y1_0_1', 1.0), ('y1_1_0', -0.0), ('y1_1_1', 1.0), ('z0_1,0', -0.0), ('z0_1,1', 1.0), ('z0_2,0-0', 0.0), ('z0_2,1-0', 0.0), ('z0_2,0-1', 0.0), ('z0_2,1-1', 1.0), ('z1_1,0', -0.0), ('z1_1,1', 1.0), ('z1_2,0-0', 0.0), ('z1_2,1-0', 0.0), ('z1_2,0-1', 0.0), ('z1_2,1-1', 1.0), ('a0', 0.6087707339542532), ('a1', 0.0)]"
0,5.022380652752921,5.022380652752922,6.788904259345856,6.791016157712602,[3 4],"[[[0.26239674 0.73760326]
  [0.32232119 0.67767881]]

 [[0.94196037 0.05803963]
  [0.62580647 0.37419353]]]","[[1.24586775 1.22589294]
 [0.76450991 0.84354838]]",True,False,False,"[('x0,,0', 0.0), ('x0,,1', 2.269690923255928), ('x1,0,0', 0.5717363376189106), ('x1,0,1', 0.9050696709531139), ('x1,1,0', 0.7442447198698822), ('x1,1,1', 0.994244719870221), ('y0_0_0', 1.0), ('y0_0_1', 0.0), ('y0_1_0', 1.0), ('y0_1_1', 0.0), ('y1_0_0', -0.0), ('y1_0_1', 1.0), ('y1_1_0', -0.0), ('y1_1_1', 1.0), ('z0_1,0', 1.0), ('z0_1,1', 0.0), ('z0_2,0-0', 1.0), ('z0_2,1-0', 0.0), ('z0_2,0-1', 0.0), ('z0_2,1-1', 0.0), ('z1_1,0', -0.0), ('z1_1,1', 1.0), ('z1_2,0-0', 0.0), ('z1_2,1-0', 0.0), ('z1_2,0-1', 0.0), ('z1_2,1-1', 1.0), ('a0', 0.0), ('a1', 0.0)]"
0,2.259418961659411,2.2594189616594824,2.7594189616594704,2.7594189616594704,[1 2],"[[[0.58938279 0.41061721]
  [0.75279633 0.24720367]]

 [[0.6739212  0.3260788 ]
  [0.39805859 0.60194141]]]","[[0.3526543  0.31180092]
 [0.3315197  0.40048535]]",True,False,False,"[('x0,,0', 0.0), ('x0,,1', 1.080645629837484), ('x1,0,0', 0.008214343256660941), ('x1,0,1', 0.6252429651168635), ('x1,1,0', 0.0), ('x1,1,1', 0.24999999999977945), ('y0_0_0', 1.0), ('y0_0_1', 0.0), ('y0_1_0', 1.0), ('y0_1_1', 0.0), ('y1_0_0', -0.0), ('y1_0_1', 1.0), ('y1_1_0', -0.0), ('y1_1_1', 1.0), ('z0_1,0', 1.0), ('z0_1,1', 0.0), ('z0_2,0-0', 1.0), ('z0_2,1-0', 0.0), ('z0_2,0-1', 0.0), ('z0_2,1-1', 0.0), ('z1_1,0', -0.0), ('z1_1,1', 1.0), ('z1_2,0-0', 0.0), ('z1_2,1-0', 0.0), ('z1_2,0-1', 0.0), ('z1_2,1-1', 1.0), ('a0', 0.0), ('a1', 0.0)]"
0,3.9136463817554636,4.3919115113842535,5.921050311719351,5.92105031171935,[2 5],"[[[0.80540489 0.19459511]
  [0.42118523 0.57881477]]

 [[0.36348449 0.63651551]
  [0.61828962 0.38171038]]]","[[0.86126178 1.24548144]
 [1.95477327 1.57256557]]",True,False,False,"[('x0,,0', 0.0), ('x0,,1', 3.4895401304209597), ('x1,0,0', 0.0), ('x1,0,1', 2.652567112826261), ('x1,1,0', 0.0), ('x1,1,1', 1.0000000000002887), ('y0_0_0', -0.0), ('y0_0_1', 1.0), ('y0_1_0', 0.0), ('y0_1_1', 1.0), ('y1_0_0', 1.0), ('y1_0_1', 0.0), ('y1_1_0', 1.0), ('y1_1_1', 0.0), ('z0_1,0', -0.0), ('z0_1,1', 1.0), ('z0_2,0-0', 0.0), ('z0_2,1-0', 0.0), ('z0_2,0-1', 0.0), ('z0_2,1-1', 1.0), ('z1_1,0', 1.0), ('z1_1,1', 0.0), ('z1_2,0-0', 1.0), ('z1_2,1-0', 0.0), ('z1_2,0-1', 0.0), ('z1_2,1-1', 0.0), ('a0', 0.10764927360698691), ('a1', 0.0)]"
0,5.277148893152671,5.294762550537937,8.215354340015459,8.215354340015459,[2 7],"[[[0.58323177 0.41676823]
  [0.28219352 0.71780648]]

 [[0.56396498 0.43603502]
  [0.57369736 0.42630264]]]","[[2.04192057 2.79451619]
 [1.3933917  1.37717106]]",True,False,False,"[('x0,,0', 0.0), ('x0,,1', 5.286266309553709), ('x1,0,0', 0.0), ('x1,0,1', 2.4192098951252916), ('x1,1,0', 0.0), ('x1,1,1', 2.4999999999997358), ('y0_0_0', -0.0), ('y0_0_1', 1.0), ('y0_1_0', 0.0), ('y0_1_1', 1.0), ('y1_0_0', 1.0), ('y1_0_1', 0.0), ('y1_1_0', 1.0), ('y1_1_1', 0.0), ('z0_1,0', -0.0), ('z0_1,1', 1.0), ('z0_2,0-0', 0.0), ('z0_2,1-0', 0.0), ('z0_2,0-1', 0.0), ('z0_2,1-1', 1.0), ('z1_1,0', 1.0), ('z1_1,1', 0.0), ('z1_2,0-0', 1.0), ('z1_2,1-0', 0.0), ('z1_2,0-1', 0.0), ('z1_2,1-1', 0.0), ('a0', 0.0), ('a1', 0.5730740588837875)]"
0,2.2646731452611784,2.3981177589381177,3.181947635338145,3.216443079131048,[1 3],"[[[0.46232387 0.53767613]
  [0.61727295 0.38272705]]

 [[0.81428939 0.18571061]
  [0.35572849 0.64427151]]]","[[0.69178409 0.5884847 ]
 [0.68571061 1.14427151]]",True,False,False,"[('x0,,0', 0.0), ('x0,,1', 2.389098546698042), ('x1,0,0', 0.0), ('x1,0,1', 0.6666666666673613), ('x1,1,0', 0.0), ('x1,1,1', 1.1630421110639102), ('y0_0_0', 1.0), ('y0_0_1', 0.0), ('y0_1_0', 1.0), ('y0_1_1', 0.0), ('y1_0_0', -0.0), ('y1_0_1', 1.0), ('y1_1_0', -0.0), ('y1_1_1', 1.0), ('z0_1,0', 1.0), ('z0_1,1', 0.0), ('z0_2,0-0', 1.0), ('z0_2,1-0', 0.0), ('z0_2,0-1', 0.0), ('z0_2,1-1', 0.0), ('z1_1,0', -0.0), ('z1_1,1', 1.0), ('z1_2,0-0', 0.0), ('z1_2,1-0', 0.0), ('z1_2,0-1', 0.0), ('z1_2,1-1', 1.0), ('a0', 0.25944383863896514), ('a1', 0.0)]"
0,4.6648984410318555,4.664898441031856,8.310527033145137,8.310527033145137,[4 5],"[[[0.65928835 0.34071165]
  [0.90818126 0.09181874]]

 [[0.71965758 0.28034242]
  [0.84874728 0.15125272]]]","[[2.17035582 2.04590937]
 [1.42678081 1.38375091]]",True,False,False,"[('x0,,0', 0.0), ('x0,,1', 12.2401327516932), ('x1,0,0', 0.0), ('x1,0,1', 0.4999999999997848), ('x1,1,0', 0.0), ('x1,1,1', 0.0), ('y0_0_0', 1.0), ('y0_0_1', 0.0), ('y0_1_0', 1.0), ('y0_1_1', 0.0), ('y1_0_0', 1.0), ('y1_0_1', 0.0), ('y1_1_0', 1.0), ('y1_1_1', 0.0), ('z0_1,0', 1.0), ('z0_1,1', 0.0), ('z0_2,0-0', 1.0), ('z0_2,1-0', 0.0), ('z0_2,0-1', 0.0), ('z0_2,1-1', 0.0), ('z1_1,0', 1.0), ('z1_1,1', 0.0), ('z1_2,0-0', 1.0), ('z1_2,1-0', 0.0), ('z1_2,0-1', 0.0), ('z1_2,1-1', 0.0), ('a0', 0.0), ('a1', 0.7180379896864726)]"
0,4.666474033615669,4.944516795156193,7.650071044627248,7.650071044627248,[0 9],"[[[0.47392525 0.52607475]
  [0.46471132 0.53528868]]

 [[0.49829445 0.50170555]
  [0.67606686 0.32393314]]]","[[2.36733638 2.40879904]
 [1.1288375  0.72884957]]",True,False,False,"[('x0,,0', 0.0), ('x0,,1', 5.558966373592246), ('x1,0,0', 0.0), ('x1,0,1', 2.2499999999996727), ('x1,1,0', 0.0), ('x1,1,1', 3.4224863826452823), ('y0_0_0', -0.0), ('y0_0_1', 1.0), ('y0_1_0', 1.0), ('y0_1_1', 0.0), ('y1_0_0', 1.0), ('y1_0_1', 0.0), ('y1_1_0', 1.0), ('y1_1_1', 0.0), ('z0_1,0', -0.0), ('z0_1,1', 1.0), ('z0_2,0-0', 0.0), ('z0_2,1-0', 0.0), ('z0_2,0-1', 1.0), ('z0_2,1-1', 0.0), ('z1_1,0', 1.0), ('z1_1,1', 0.0), ('z1_2,0-0', 1.0), ('z1_2,1-0', 0.0), ('z1_2,0-1', 0.0), ('z1_2,1-1', 0.0), ('a0', 0.0), ('a1', 1.6601268070342936)]"
0,5.876149674746756,5.876149674746755,7.193571740339145,7.193571740339145,[3 4],"[[[0.54961899 0.45038101]
  [0.34844131 0.65155869]]

 [[0.51084771 0.48915229]
  [0.0601297  0.9398703 ]]]","[[0.6900762  0.73031174]
 [0.87228807 0.98496757]]",False,False,False,"[('x0,,0', 0.3096242304545127), ('x0,,1', 0.0), ('x1,0,0', 0.0), ('x1,0,1', 0.0), ('x1,1,0', 0.0), ('x1,1,1', 2.0761561879531687), ('y0_0_0', -0.0), ('y0_0_1', 1.0), ('y0_1_0', 0.0), ('y0_1_1', 1.0), ('y1_0_0', -0.0), ('y1_0_1', 1.0), ('y1_1_0', 0.0), ('y1_1_1', 1.0), ('z0_1,0', -0.0), ('z0_1,1', 1.0), ('z0_2,0-0', 0.0), ('z0_2,1-0', 0.0), ('z0_2,0-1', 0.0), ('z0_2,1-1', 1.0), ('z1_1,0', -0.0), ('z1_1,1', 1.0), ('z1_2,0-0', 0.0), ('z1_2,1-0', 0.0), ('z1_2,0-1', 0.0), ('z1_2,1-1', 1.0), ('a0', 0.0), ('a1', 0.0)]"
0,9.776229540017326,9.776229540017326,10.77622954001734,10.776229540017292,[2 9],"[[[0.30454717 0.69545283]
  [0.9634742  0.0365258 ]]

 [[0.41458892 0.58541108]
  [0.40474244 0.59525756]]]","[[1.71704245 0.56392015]
 [1.52446939 1.54170073]]",False,False,False,"[('x0,,0', 0.0), ('x0,,1', 3.1879120518179547), ('x1,0,0', 0.0), ('x1,0,1', 1.7500000000001177), ('x1,1,0', 0.0), ('x1,1,1', 1.992033005414579), ('y0_0_0', 1.0), ('y0_0_1', 0.0), ('y0_1_0', 1.0), ('y0_1_1', 0.0), ('y1_0_0', -0.0), ('y1_0_1', 1.0), ('y1_1_0', -0.0), ('y1_1_1', 1.0), ('z0_1,0', 1.0), ('z0_1,1', 0.0), ('z0_2,0-0', 1.0), ('z0_2,1-0', 0.0), ('z0_2,0-1', 0.0), ('z0_2,1-1', 0.0), ('z1_1,0', -0.0), ('z1_1,1', 1.0), ('z1_2,0-0', 0.0), ('z1_2,1-0', 0.0), ('z1_2,0-1', 0.0), ('z1_2,1-1', 1.0), ('a0', 0.0), ('a1', 0.0)]"
0,7.771063439115924,7.771063439115926,10.089374781335916,10.089374781335916,[2 9],"[[[0.44335175 0.55664825]
  [0.31297257 0.68702743]]

 [[0.59322812 0.40677188]
  [0.68673757 0.31326243]]]","[[1.96551258 2.26973066]
 [1.61580106 1.39761235]]",True,False,False,"[('x0,,0', 0.0), ('x0,,1', 0.0), ('x1,0,0', 1.7748852098079995), ('x1,0,1', 5.356049425262484), ('x1,1,0', 0.0), ('x1,1,1', 6.607394627120965), ('y0_0_0', -0.0), ('y0_0_1', 1.0), ('y0_1_0', 0.0), ('y0_1_1', 1.0), ('y1_0_0', 1.0), ('y1_0_1', 0.0), ('y1_1_0', 1.0), ('y1_1_1', 0.0), ('z0_1,0', -0.0), ('z0_1,1', 1.0), ('z0_2,0-0', 0.0), ('z0_2,1-0', 0.0), ('z0_2,0-1', 0.0), ('z0_2,1-1', 1.0), ('z1_1,0', 1.0), ('z1_1,1', 0.0), ('z1_2,0-0', 1.0), ('z1_2,1-0', 0.0), ('z1_2,0-1', 0.0), ('z1_2,1-1', 0.0), ('a0', 0.0), ('a1', 0.0)]"
0,1.4694249454777633,1.4694249388615148,1.5572809253571558,1.5572809253571558,[0 2],"[[[0.531205   0.468795  ]
  [0.23917954 0.76082046]]

 [[0.69015454 0.30984546]
  [0.29139551 0.70860449]]]","[[0.468795   0.76082046]
 [0.30984546 0.70860449]]",False,False,False,"[('x0,,0', 6.842647218989838e-08), ('x0,,1', 0.18952145477718987), ('x1,0,0', 0.2567628240840312), ('x1,0,1', 0.26887888220059925), ('x1,1,0', 6.828368656961881e-08), ('x1,1,1', 1.8104785048652159), ('y0_0_0', 0.0), ('y0_0_1', 1.0), ('y0_1_0', 0.0), ('y0_1_1', 1.0), ('y1_0_0', 0.0), ('y1_0_1', 1.0), ('y1_1_0', 0.0), ('y1_1_1', 1.0), ('z0_1,0', 0.0), ('z0_1,1', 1.0), ('z0_2,0-0', 0.0), ('z0_2,1-0', 0.0), ('z0_2,0-1', 0.0), ('z0_2,1-1', 1.0), ('z1_1,0', 0.0), ('z1_1,1', 1.0), ('z1_2,0-0', 0.0), ('z1_2,1-0', 0.0), ('z1_2,0-1', 0.0), ('z1_2,1-1', 1.0), ('a0', 1.9933770032517077e-09), ('a1', 1.123911487092542e-08)]"
0,9.310191123290473,9.310191123290455,9.810191123290483,9.810191123290481,[1 7],"[[[0.20597971 0.79402029]
  [0.30915359 0.69084641]]

 [[0.51188808 0.48811192]
  [0.05842226 0.94157774]]]","[[1.44103044 1.28626962]
 [0.98216788 1.6623666 ]]",False,False,False,"[('x0,,0', 0.5000000000000018), ('x0,,1', 1.999999999999935), ('x1,0,0', 0.0), ('x1,0,1', 1.5000000000000633), ('x1,1,0', 0.0), ('x1,1,1', 1.5000000000001255), ('y0_0_0', 1.0), ('y0_0_1', 0.0), ('y0_1_0', 1.0), ('y0_1_1', 0.0), ('y1_0_0', -0.0), ('y1_0_1', 1.0), ('y1_1_0', -0.0), ('y1_1_1', 1.0), ('z0_1,0', 1.0), ('z0_1,1', 0.0), ('z0_2,0-0', 1.0), ('z0_2,1-0', 0.0), ('z0_2,0-1', 0.0), ('z0_2,1-1', 0.0), ('z1_1,0', -0.0), ('z1_1,1', 1.0), ('z1_2,0-0', 0.0), ('z1_2,1-0', 0.0), ('z1_2,0-1', 0.0), ('z1_2,1-1', 1.0), ('a0', 0.0), ('a1', 0.0)]"
0,5.78335592220273,6.440231896288448,9.718561735587127,9.718561735587127,[4 6],"[[[0.18177727 0.81822273]
  [0.48583192 0.51416808]]

 [[0.65488722 0.34511278]
  [0.28349312 0.71650688]]]","[[2.81822273 2.51416808]
 [1.56340852 1.81100458]]",True,False,False,"[('x0,,0', 0.0), ('x0,,1', 4.388426716233311), ('x1,0,0', 0.0), ('x1,0,1', 2.500217735070776), ('x1,1,0', 0.0), ('x1,1,1', 0.6666666666665169), ('y0_0_0', 1.0), ('y0_0_1', 0.0), ('y0_1_0', 1.0), ('y0_1_1', 0.0), ('y1_0_0', -0.0), ('y1_0_1', 1.0), ('y1_1_0', -0.0), ('y1_1_1', 1.0), ('z0_1,0', 1.0), ('z0_1,1', 0.0), ('z0_2,0-0', 1.0), ('z0_2,1-0', 0.0), ('z0_2,0-1', 0.0), ('z0_2,1-1', 0.0), ('z1_1,0', -0.0), ('z1_1,1', 1.0), ('z1_2,0-0', 0.0), ('z1_2,1-0', 0.0), ('z1_2,0-1', 0.0), ('z1_2,1-1', 1.0), ('a0', 0.0), ('a1', 0.0)]"
0,10.612900631058595,10.612900631058594,16.53793988821743,16.53793988821743,[8 9],"[[[0.79486751 0.20513249]
  [0.22396319 0.77603681]]

 [[0.70015703 0.29984297]
  [0.93000728 0.06999272]]]","[[4.10256624 4.3880184 ]
 [2.07496074 2.01749818]]",False,False,False,"[('x0,,0', 0.0), ('x0,,1', 3.9411332518658626), ('x1,0,0', 0.0), ('x1,0,1', 9.899182786880365), ('x1,1,0', 0.0), ('x1,1,1', 7.367656160867352), ('y0_0_0', -0.0), ('y0_0_1', 1.0), ('y0_1_0', 0.0), ('y0_1_1', 1.0), ('y1_0_0', 1.0), ('y1_0_1', 0.0), ('y1_1_0', 1.0), ('y1_1_1', 0.0), ('z0_1,0', -0.0), ('z0_1,1', 1.0), ('z0_2,0-0', 0.0), ('z0_2,1-0', 0.0), ('z0_2,0-1', 0.0), ('z0_2,1-1', 1.0), ('z1_1,0', 1.0), ('z1_1,1', 0.0), ('z1_2,0-0', 1.0), ('z1_2,1-0', 0.0), ('z1_2,0-1', 0.0), ('z1_2,1-1', 0.0), ('a0', 0.0), ('a1', 0.0)]"
0,7.73204712239141,9.128341544732276,13.28070415514311,13.28070415514311,[5 9],"[[[0.7713929  0.2286071 ]
  [0.56298999 0.43701001]]

 [[0.20338705 0.79661295]
  [0.77197575 0.22802425]]]","[[2.95721419 3.37402001]
 [1.63729036 1.1824194 ]]",True,False,False,"[('x0,,0', 4.582673481360624), ('x0,,1', 0.0), ('x1,0,0', 1.9221723935797415), ('x1,0,1', 3.9221723935797925), ('x1,1,0', 0.0), ('x1,1,1', 0.0), ('y0_0_0', 1.0), ('y0_0_1', 0.0), ('y0_1_0', 0.0), ('y0_1_1', 1.0), ('y1_0_0', 1.0), ('y1_0_1', 0.0), ('y1_1_0', 1.0), ('y1_1_1', 0.0), ('z0_1,0', 1.0), ('z0_1,1', 0.0), ('z0_2,0-0', 0.0), ('z0_2,1-0', 1.0), ('z0_2,0-1', 0.0), ('z0_2,1-1', 0.0), ('z1_1,0', 1.0), ('z1_1,1', 0.0), ('z1_2,0-0', 1.0), ('z1_2,1-0', 0.0), ('z1_2,0-1', 0.0), ('z1_2,1-1', 0.0), ('a0', 0.0), ('a1', 1.1728740077832263)]"
0,5.375778059348832,5.672258867333346,8.043676615899525,8.043676615899525,[1 8],"[[[0.29425133 0.70574867]
  [0.40967792 0.59032208]]

 [[0.72693971 0.27306029]
  [0.49645662 0.50354338]]]","[[2.97012035 2.56612729]
 [0.97047401 1.50826789]]",True,False,False,"[('x0,,0', 0.0), ('x0,,1', 4.90602366001009), ('x1,0,0', 0.0), ('x1,0,1', 3.5109113498413507), ('x1,1,0', 0.0), ('x1,1,1', 2.333333333333656), ('y0_0_0', 1.0), ('y0_0_1', 0.0), ('y0_1_0', 1.0), ('y0_1_1', 0.0), ('y1_0_0', -0.0), ('y1_0_1', 1.0), ('y1_1_0', -0.0), ('y1_1_1', 1.0), ('z0_1,0', 1.0), ('z0_1,1', 0.0), ('z0_2,0-0', 1.0), ('z0_2,1-0', 0.0), ('z0_2,0-1', 0.0), ('z0_2,1-1', 0.0), ('z1_1,0', -0.0), ('z1_1,1', 1.0), ('z1_2,0-0', 0.0), ('z1_2,1-0', 0.0), ('z1_2,0-1', 0.0), ('z1_2,1-1', 1.0), ('a0', 0.0), ('a1', 0.6287945190120376)]"
0,7.923010805969906,7.923010799322933,9.919966588227762,9.919966588227762,[3 9],"[[[0.57814918 0.42185082]
  [0.44631535 0.55368465]]

 [[0.76852306 0.23147694]
  [0.67716556 0.32283444]]]","[[1.84370165 2.1073693 ]
 [0.87777233 0.98740133]]",False,False,False,"[('x0,,0', 1.1495944647338492e-08), ('x0,,1', 0.892076764652473), ('x1,0,0', 0.6488293007455271), ('x1,0,1', 1.2229539241228098), ('x1,1,0', 1.1435487927404187e-08), ('x1,1,1', 6.720087667415701), ('y0_0_0', 0.0), ('y0_0_1', 1.0), ('y0_1_0', 0.0), ('y0_1_1', 1.0), ('y1_0_0', 0.0), ('y1_0_1', 1.0), ('y1_1_0', 0.0), ('y1_1_1', 1.0), ('z0_1,0', 0.0), ('z0_1,1', 1.0), ('z0_2,0-0', 0.0), ('z0_2,1-0', 0.0), ('z0_2,0-1', 0.0), ('z0_2,1-1', 1.0), ('z1_1,0', 0.0), ('z1_1,1', 1.0), ('z1_2,0-0', 0.0), ('z1_2,1-0', 0.0), ('z1_2,0-1', 0.0), ('z1_2,1-1', 1.0), ('a0', 2.3581247769464503e-09), ('a1', 0.4826661940965068)]"
0,3.605086584735142,4.01095751618754,5.491154433175613,5.575719154990597,[2 4],"[[[0.71383963 0.28616037]
  [0.20938452 0.79061548]]

 [[0.29946104 0.70053896]
  [0.64183299 0.35816701]]]","[[1.28616037 1.79061548]
 [0.85026948 0.6790835 ]]",True,False,False,"[('x0,,0', 0.0), ('x0,,1', 2.870935658351716), ('x1,0,0', 0.0), ('x1,0,1', 0.5000000000000573), ('x1,1,0', 0.0), ('x1,1,1', 1.6587390775156303), ('y0_0_0', -0.0), ('y0_0_1', 1.0), ('y0_1_0', 0.0), ('y0_1_1', 1.0), ('y1_0_0', 1.0), ('y1_0_1', 0.0), ('y1_1_0', 1.0), ('y1_1_1', 0.0), ('z0_1,0', -0.0), ('z0_1,1', 1.0), ('z0_2,0-0', 0.0), ('z0_2,1-0', 0.0), ('z0_2,0-1', 0.0), ('z0_2,1-1', 1.0), ('z1_1,0', 1.0), ('z1_1,1', 0.0), ('z1_2,0-0', 1.0), ('z1_2,1-0', 0.0), ('z1_2,0-1', 0.0), ('z1_2,1-1', 0.0), ('a0', 0.0), ('a1', 0.66093278934229)]"
0,6.565421548577069,6.578105711156378,9.412031335237248,9.412031335237248,[4 6],"[[[0.64693403 0.35306597]
  [0.53566708 0.46433292]]

 [[0.6470503  0.3529497 ]
  [0.54026676 0.45973324]]]","[[0.94122639 0.98573317]
 [1.56863313 1.63982216]]",True,False,False,"[('x0,,0', 4.8485662742659335), ('x0,,1', 0.0), ('x1,0,0', 0.0), ('x1,0,1', 0.0), ('x1,1,0', 0.3536362963891596), ('x1,1,1', 1.020302963055222), ('y0_0_0', 0.0), ('y0_0_1', 1.0), ('y0_1_0', 0.0), ('y0_1_1', 1.0), ('y1_0_0', -0.0), ('y1_0_1', 1.0), ('y1_1_0', 0.0), ('y1_1_1', 1.0), ('z0_1,0', 0.0), ('z0_1,1', 1.0), ('z0_2,0-0', 0.0), ('z0_2,1-0', 0.0), ('z0_2,0-1', 0.0), ('z0_2,1-1', 1.0), ('z1_1,0', -0.0), ('z1_1,1', 1.0), ('z1_2,0-0', 0.0), ('z1_2,1-0', 0.0), ('z1_2,0-1', 0.0), ('z1_2,1-1', 1.0), ('a0', 1.288942566784771), ('a1', 0.0)]"
0,5.282077699164631,5.282077699164631,9.24243396586661,9.24243396586661,[4 5],"[[[0.47506964 0.52493036]
  [0.45350537 0.54649463]]

 [[0.2824964  0.7175036 ]
  [0.21117082 0.78882918]]]","[[1.50831012 1.51549821]
 [2.3587518  2.39441459]]",False,False,False,"[('x0,,0', 0.0), ('x0,,1', 0.0), ('x1,0,0', 0.0), ('x1,0,1', 0.0), ('x1,1,0', 0.0), ('x1,1,1', 6.070806300886307), ('y0_0_0', 0.0), ('y0_0_1', 1.0), ('y0_1_0', 0.0), ('y0_1_1', 1.0), ('y1_0_0', -0.0), ('y1_0_1', 1.0), ('y1_1_0', 0.0), ('y1_1_1', 1.0), ('z0_1,0', 0.0), ('z0_1,1', 1.0), ('z0_2,0-0', 0.0), ('z0_2,1-0', 0.0), ('z0_2,0-1', 0.0), ('z0_2,1-1', 1.0), ('z1_1,0', -0.0), ('z1_1,1', 1.0), ('z1_2,0-0', 0.0), ('z1_2,1-0', 0.0), ('z1_2,0-1', 0.0), ('z1_2,1-1', 1.0), ('a0', 0.28666662738172777), ('a1', 0.0)]"
0,3.8727737708172767,4.149329510878987,3.872773770817276,3.872773770817276,[0 6],"[[[0.61711988 0.38288012]
  [0.8452521  0.1547479 ]]

 [[0.41468667 0.58531333]
  [0.77501402 0.22498598]]]","[[0.76576024 0.3094958 ]
 [0.87796999 0.33747898]]",True,True,True,"[('x0,,0', 0.7323159445834703), ('x0,,1', 0.0), ('x1,0,0', 0.31383350582601566), ('x1,0,1', 2.3138335058257877), ('x1,1,0', 0.0), ('x1,1,1', 0.0), ('y0_0_0', 1.0), ('y0_0_1', 0.0), ('y0_1_0', 1.0), ('y0_1_1', 0.0), ('y1_0_0', 1.0), ('y1_0_1', 0.0), ('y1_1_0', 1.0), ('y1_1_1', 0.0), ('z0_1,0', 1.0), ('z0_1,1', 0.0), ('z0_2,0-0', 1.0), ('z0_2,1-0', 0.0), ('z0_2,0-1', 0.0), ('z0_2,1-1', 0.0), ('z1_1,0', 1.0), ('z1_1,1', 0.0), ('z1_2,0-0', 1.0), ('z1_2,1-0', 0.0), ('z1_2,0-1', 0.0), ('z1_2,1-1', 0.0), ('a0', 0.0), ('a1', 0.032201844897877446)]"
0,3.2148458891756437,3.7812640248232032,4.423943630036345,4.423943630036345,[0 6],"[[[0.77218555 0.22781445]
  [0.65931766 0.34068234]]

 [[0.49049051 0.50950949]
  [0.31019575 0.68980425]]]","[[0.68344335 1.02204703]
 [1.01901898 1.3796085 ]]",True,False,False,"[('x0,,0', 0.9516526570744964), ('x0,,1', 0.0), ('x1,0,0', 0.0), ('x1,0,1', 0.0), ('x1,1,0', 0.39460563572032675), ('x1,1,1', 3.3946056357201777), ('y0_0_0', -0.0), ('y0_0_1', 1.0), ('y0_1_0', 0.0), ('y0_1_1', 1.0), ('y1_0_0', -0.0), ('y1_0_1', 1.0), ('y1_1_0', 0.0), ('y1_1_1', 1.0), ('z0_1,0', -0.0), ('z0_1,1', 1.0), ('z0_2,0-0', 0.0), ('z0_2,1-0', 0.0), ('z0_2,0-1', 0.0), ('z0_2,1-1', 1.0), ('z1_1,0', -0.0), ('z1_1,1', 1.0), ('z1_2,0-0', 0.0), ('z1_2,1-0', 0.0), ('z1_2,0-1', 0.0), ('z1_2,1-1', 1.0), ('a0', 0.0), ('a1', 0.0)]"
0,8.27666053657262,8.689746772130494,12.293498797354886,12.293498797354886,[4 8],"[[[0.45860048 0.54139952]
  [0.70155125 0.29844875]]

 [[0.22507405 0.77492595]
  [0.17190672 0.82809328]]]","[[3.08279904 2.5968975 ]
 [1.41994076 1.46247462]]",True,False,False,"[('x0,,0', 6.394512168286434), ('x0,,1', 0.0), ('x1,0,0', 0.0), ('x1,0,1', 0.0), ('x1,1,0', 0.0), ('x1,1,1', 2.2046908057251127), ('y0_0_0', -0.0), ('y0_0_1', 1.0), ('y0_1_0', 1.0), ('y0_1_1', 0.0), ('y1_0_0', -0.0), ('y1_0_1', 1.0), ('y1_1_0', 0.0), ('y1_1_1', 1.0), ('z0_1,0', -0.0), ('z0_1,1', 1.0), ('z0_2,0-0', 0.0), ('z0_2,1-0', 0.0), ('z0_2,0-1', 1.0), ('z0_2,1-1', 0.0), ('z1_1,0', -0.0), ('z1_1,1', 1.0), ('z1_2,0-0', 0.0), ('z1_2,1-0', 0.0), ('z1_2,0-1', 0.0), ('z1_2,1-1', 1.0), ('a0', 0.0), ('a1', 0.0)]"
0,9.795153600543976,9.795153600543976,10.595153600543965,10.595153600543956,[2 9],"[[[0.85522567 0.14477433]
  [0.26906662 0.73093338]]

 [[0.6057529  0.3942471 ]
  [0.55322738 0.44677262]]]","[[0.60268406 1.42330674]
 [0.95194593 1.02548166]]",False,False,False,"[('x0,,0', 0.0), ('x0,,1', 0.0), ('x1,0,0', 0.0), ('x1,0,1', 0.0), ('x1,1,0', 0.8000000000000875), ('x1,1,1', 3.5999999999999215), ('y0_0_0', -0.0), ('y0_0_1', 1.0), ('y0_1_0', 0.0), ('y0_1_1', 1.0), ('y1_0_0', -0.0), ('y1_0_1', 1.0), ('y1_1_0', 0.0), ('y1_1_1', 1.0), ('z0_1,0', -0.0), ('z0_1,1', 1.0), ('z0_2,0-0', 0.0), ('z0_2,1-0', 0.0), ('z0_2,0-1', 0.0), ('z0_2,1-1', 1.0), ('z1_1,0', -0.0), ('z1_1,1', 1.0), ('z1_2,0-0', 0.0), ('z1_2,1-0', 0.0), ('z1_2,0-1', 0.0), ('z1_2,1-1', 1.0), ('a0', 0.0), ('a1', 0.0)]"
0,5.410573997302089,5.4295656621646575,9.81092197889104,9.81092197889104,[1 9],"[[[0.3729033  0.6270967 ]
  [0.31584963 0.68415037]]

 [[0.64089546 0.35910454]
  [0.65073146 0.34926854]]]","[[3.00838681 3.23660147]
 [0.77456726 0.75882967]]",True,False,False,"[('x0,,0', 0.0), ('x0,,1', 5.461666978510652), ('x1,0,0', 0.0), ('x1,0,1', 3.8942276531468956), ('x1,1,0', 0.0), ('x1,1,1', 4.000000000001714), ('y0_0_0', -0.0), ('y0_0_1', 1.0), ('y0_1_0', 0.0), ('y0_1_1', 1.0), ('y1_0_0', 1.0), ('y1_0_1', 0.0), ('y1_1_0', 1.0), ('y1_1_1', 0.0), ('z0_1,0', -0.0), ('z0_1,1', 1.0), ('z0_2,0-0', 0.0), ('z0_2,1-0', 0.0), ('z0_2,0-1', 0.0), ('z0_2,1-1', 1.0), ('z1_1,0', 1.0), ('z1_1,1', 0.0), ('z1_2,0-0', 1.0), ('z1_2,1-0', 0.0), ('z1_2,0-1', 0.0), ('z1_2,1-1', 0.0), ('a0', 0.0), ('a1', 1.8106096962034777)]"
0,5.270814645333843,5.828011337286447,9.44687550526043,9.490112099758562,[4 6],"[[[0.39951854 0.60048146]
  [0.66621348 0.33378652]]

 [[0.61553138 0.38446862]
  [0.42948933 0.57051067]]]","[[2.60048146 2.33378652]
 [0.95378745 1.02820427]]",True,False,False,"[('x0,,0', 5.542291550563017), ('x0,,1', 0.0), ('x1,0,0', 0.0), ('x1,0,1', 0.0), ('x1,1,0', 0.0), ('x1,1,1', 2.0682048014383), ('y0_0_0', -0.0), ('y0_0_1', 1.0), ('y0_1_0', 1.0), ('y0_1_1', 0.0), ('y1_0_0', -0.0), ('y1_0_1', 1.0), ('y1_1_0', 0.0), ('y1_1_1', 1.0), ('z0_1,0', -0.0), ('z0_1,1', 1.0), ('z0_2,0-0', 0.0), ('z0_2,1-0', 0.0), ('z0_2,0-1', 1.0), ('z0_2,1-1', 0.0), ('z1_1,0', -0.0), ('z1_1,1', 1.0), ('z1_2,0-0', 0.0), ('z1_2,1-0', 0.0), ('z1_2,0-1', 0.0), ('z1_2,1-1', 1.0), ('a0', 0.0), ('a1', 1.5038794498686145)]"
0,5.270612882784936,5.920750681201333,8.826630749524064,8.826630749524064,[2 6],"[[[0.20353286 0.79646714]
  [0.15522192 0.84477808]]

 [[0.80941538 0.19058462]
  [0.28814503 0.71185497]]]","[[2.59293428 2.68955616]
 [0.5524677  0.96948397]]",True,False,False,"[('x0,,0', 0.0), ('x0,,1', 3.6051512854337666), ('x1,0,0', 0.0), ('x1,0,1', 2.854129338401181), ('x1,1,0', 0.0), ('x1,1,1', 0.8000000000001146), ('y0_0_0', 1.0), ('y0_0_1', 0.0), ('y0_1_0', -0.0), ('y0_1_1', 1.0), ('y1_0_0', -0.0), ('y1_0_1', 1.0), ('y1_1_0', -0.0), ('y1_1_1', 1.0), ('z0_1,0', 1.0), ('z0_1,1', 0.0), ('z0_2,0-0', 0.0), ('z0_2,1-0', 1.0), ('z0_2,0-1', 0.0), ('z0_2,1-1', 0.0), ('z1_1,0', -0.0), ('z1_1,1', 1.0), ('z1_2,0-0', 0.0), ('z1_2,1-0', 0.0), ('z1_2,0-1', 0.0), ('z1_2,1-1', 1.0), ('a0', 0.0), ('a1', 1.1968608779278556)]"
0,8.30274411977916,8.308377649459617,11.338707357015513,11.338707357015513,[3 8],"[[[0.30904308 0.69095692]
  [0.45882395 0.54117605]]

 [[0.47343458 0.52656542]
  [0.47003187 0.52996813]]]","[[2.15159487 1.90196009]
 [1.40820677 1.41246016]]",True,False,False,"[('x0,,0', 0.0), ('x0,,1', 4.561203130776151), ('x1,0,0', 0.0), ('x1,0,1', 1.6666666666661234), ('x1,1,0', 0.20955299296581895), ('x1,1,1', 1.4595529929945366), ('y0_0_0', 1.0), ('y0_0_1', 0.0), ('y0_1_0', 1.0), ('y0_1_1', 0.0), ('y1_0_0', -0.0), ('y1_0_1', 1.0), ('y1_1_0', -0.0), ('y1_1_1', 1.0), ('z0_1,0', 1.0), ('z0_1,1', 0.0), ('z0_2,0-0', 1.0), ('z0_2,1-0', 0.0), ('z0_2,0-1', 0.0), ('z0_2,1-1', 0.0), ('z1_1,0', -0.0), ('z1_1,1', 1.0), ('z1_2,0-0', 0.0), ('z1_2,1-0', 0.0), ('z1_2,0-1', 0.0), ('z1_2,1-1', 1.0), ('a0', 0.0), ('a1', 0.4643851097500154)]"
0,9.597226058650149,10.0141332070711,10.263892725316714,10.263892725316714,[1 8],"[[[0.03621411 0.96378589]
  [0.41029202 0.58970798]]

 [[0.19295173 0.80704827]
  [0.69688146 0.30311854]]]","[[1.93662531 1.28198896]
 [2.21644595 1.04060993]]",True,False,False,"[('x0,,0', 2.9864761510742865), ('x0,,1', 0.0), ('x1,0,0', 1.9735335348429406), ('x1,0,1', 4.306866868176106), ('x1,1,0', 0.0), ('x1,1,1', 0.0), ('y0_0_0', 1.0), ('y0_0_1', 0.0), ('y0_1_0', 1.0), ('y0_1_1', 0.0), ('y1_0_0', 1.0), ('y1_0_1', 0.0), ('y1_1_0', 1.0), ('y1_1_1', 0.0), ('z0_1,0', 1.0), ('z0_1,1', 0.0), ('z0_2,0-0', 1.0), ('z0_2,1-0', 0.0), ('z0_2,0-1', 0.0), ('z0_2,1-1', 0.0), ('z1_1,0', 1.0), ('z1_1,1', 0.0), ('z1_2,0-0', 1.0), ('z1_2,1-0', 0.0), ('z1_2,0-1', 0.0), ('z1_2,1-1', 0.0), ('a0', 0.4572692409501067), ('a1', 0.0)]"
0,7.454902524866695,7.454902524867003,9.535535683208527,9.535535683208527,[3 6],"[[[0.47487031 0.52512969]
  [0.43523967 0.56476033]]

 [[0.34661779 0.65338221]
  [0.25147031 0.74852969]]]","[[1.14384727 1.17357024]
 [1.24003666 1.31139726]]",True,False,False,"[('x0,,0', 0.0), ('x0,,1', 0.0), ('x1,0,0', 0.0), ('x1,0,1', 0.0), ('x1,1,0', 1.5000000000004872), ('x1,1,1', 2.999999999999813), ('y0_0_0', -0.0), ('y0_0_1', 1.0), ('y0_1_0', 0.0), ('y0_1_1', 1.0), ('y1_0_0', -0.0), ('y1_0_1', 1.0), ('y1_1_0', 0.0), ('y1_1_1', 1.0), ('z0_1,0', -0.0), ('z0_1,1', 1.0), ('z0_2,0-0', 0.0), ('z0_2,1-0', 0.0), ('z0_2,0-1', 0.0), ('z0_2,1-1', 1.0), ('z1_1,0', -0.0), ('z1_1,1', 1.0), ('z1_2,0-0', 0.0), ('z1_2,1-0', 0.0), ('z1_2,0-1', 0.0), ('z1_2,1-1', 1.0), ('a0', 0.0), ('a1', 0.0)]"
0,8.200140704532846,8.424107561845327,13.053496982326482,13.053496982326482,[6 7],"[[[0.11576727 0.88423273]
  [0.30643115 0.69356885]]

 [[0.64007187 0.35992813]
  [0.31619607 0.68380393]]]","[[1.72105818 1.67339221]
 [3.17996406 3.34190197]]",True,False,False,"[('x0,,0', 7.011178923225093), ('x0,,1', 0.0), ('x1,0,0', 0.0), ('x1,0,1', 2.97484047340875), ('x1,1,0', 0.0), ('x1,1,1', 0.0), ('y0_0_0', 1.0), ('y0_0_1', 0.0), ('y0_1_0', 1.0), ('y0_1_1', 0.0), ('y1_0_0', 1.0), ('y1_0_1', 0.0), ('y1_1_0', 0.0), ('y1_1_1', 1.0), ('z0_1,0', 1.0), ('z0_1,1', 0.0), ('z0_2,0-0', 1.0), ('z0_2,1-0', 0.0), ('z0_2,0-1', 0.0), ('z0_2,1-1', 0.0), ('z1_1,0', 1.0), ('z1_1,1', 0.0), ('z1_2,0-0', 0.0), ('z1_2,1-0', 1.0), ('z1_2,0-1', 0.0), ('z1_2,1-1', 0.0), ('a0', 0.0), ('a1', 0.0)]"
0,3.0774801744859044,3.0774801744859044,5.191748628612354,5.191748628612354,[2 3],"[[[0.27971783 0.72028217]
  [0.14897382 0.85102618]]

 [[0.52204937 0.47795063]
  [0.52853354 0.47146646]]]","[[1.36014108 1.42551309]
 [0.82598354 0.82382215]]",False,False,False,"[('x0,,0', 0.0), ('x0,,1', 0.0), ('x1,0,0', 0.19958979798349819), ('x1,0,1', 3.2383498747739567), ('x1,1,0', 0.0), ('x1,1,1', 3.350103970230215), ('y0_0_0', -0.0), ('y0_0_1', 1.0), ('y0_1_0', 0.0), ('y0_1_1', 1.0), ('y1_0_0', 1.0), ('y1_0_1', 0.0), ('y1_1_0', 1.0), ('y1_1_1', 0.0), ('z0_1,0', -0.0), ('z0_1,1', 1.0), ('z0_2,0-0', 0.0), ('z0_2,1-0', 0.0), ('z0_2,0-1', 0.0), ('z0_2,1-1', 1.0), ('z1_1,0', 1.0), ('z1_1,1', 0.0), ('z1_2,0-0', 1.0), ('z1_2,1-0', 0.0), ('z1_2,0-1', 0.0), ('z1_2,1-1', 0.0), ('a0', 0.0), ('a1', 0.0)]"
0,5.431007141070927,5.677996846618036,5.716773017737422,6.012454039969089,[0 9],"[[[0.81435907 0.18564093]
  [0.59481267 0.40518733]]

 [[0.19829685 0.80170315]
  [0.55825799 0.44174201]]]","[[0.41769208 0.91167149]
 [3.60766415 1.98783902]]",True,False,False,"[('x0,,0', 0.0), ('x0,,1', 4.500000000000092), ('x1,0,0', 0.0), ('x1,0,1', 4.499999999999832), ('x1,1,0', 0.0), ('x1,1,1', 3.280861656675759), ('y0_0_0', -0.0), ('y0_0_1', 1.0), ('y0_1_0', 0.0), ('y0_1_1', 1.0), ('y1_0_0', 1.0), ('y1_0_1', 0.0), ('y1_1_0', 1.0), ('y1_1_1', 0.0), ('z0_1,0', -0.0), ('z0_1,1', 1.0), ('z0_2,0-0', 0.0), ('z0_2,1-0', 0.0), ('z0_2,0-1', 0.0), ('z0_2,1-1', 1.0), ('z1_1,0', 1.0), ('z1_1,1', 0.0), ('z1_2,0-0', 1.0), ('z1_2,1-0', 0.0), ('z1_2,0-1', 0.0), ('z1_2,1-1', 0.0), ('a0', 1.329363577087829), ('a1', 0.0)]"
0,11.20922969045649,11.430636354351943,13.606316602612676,13.664300879341633,[5 8],"[[[0.82076645 0.17923355]
  [0.25415544 0.74584456]]

 [[0.15972915 0.84027085]
  [0.24321264 0.75678736]]]","[[1.10754013 1.44750674]
 [1.88020314 1.81759052]]",True,False,False,"[('x0,,0', 0.0), ('x0,,1', 1.3815120497493987), ('x1,0,0', 0.0), ('x1,0,1', 3.0937190922902027), ('x1,1,0', 0.0), ('x1,1,1', 2.500011834845965), ('y0_0_0', -0.0), ('y0_0_1', 1.0), ('y0_1_0', 0.0), ('y0_1_1', 1.0), ('y1_0_0', 1.0), ('y1_0_1', 0.0), ('y1_1_0', 1.0), ('y1_1_1', 0.0), ('z0_1,0', -0.0), ('z0_1,1', 1.0), ('z0_2,0-0', 0.0), ('z0_2,1-0', 0.0), ('z0_2,0-1', 0.0), ('z0_2,1-1', 1.0), ('z1_1,0', 1.0), ('z1_1,1', 0.0), ('z1_2,0-0', 1.0), ('z1_2,1-0', 0.0), ('z1_2,0-1', 0.0), ('z1_2,1-1', 0.0), ('a0', 0.0), ('a1', 0.0)]"
0,7.14513981573427,7.486751509545111,9.145139815734163,9.145139815734165,[3 7],"[[[0.94008538 0.05991462]
  [0.58894513 0.41105487]]

 [[0.23162744 0.76837256]
  [0.74068484 0.25931516]]]","[[1.07988616 1.54807317]
 [1.21469804 0.80745213]]",True,False,False,"[('x0,,0', 1.6274873440335567), ('x0,,1', 0.0), ('x1,0,0', 0.0), ('x1,0,1', 2.6711330851744695), ('x1,1,0', 0.0), ('x1,1,1', 0.0), ('y0_0_0', 1.0), ('y0_0_1', 0.0), ('y0_1_0', 0.0), ('y0_1_1', 1.0), ('y1_0_0', 1.0), ('y1_0_1', 0.0), ('y1_1_0', 1.0), ('y1_1_1', 0.0), ('z0_1,0', 1.0), ('z0_1,1', 0.0), ('z0_2,0-0', 0.0), ('z0_2,1-0', 1.0), ('z0_2,0-1', 0.0), ('z0_2,1-1', 0.0), ('z1_1,0', 1.0), ('z1_1,1', 0.0), ('z1_2,0-0', 1.0), ('z1_2,1-0', 0.0), ('z1_2,0-1', 0.0), ('z1_2,1-1', 0.0), ('a0', 0.0), ('a1', 0.0)]"
0,6.850397735704726,7.327154342347691,11.159285060512927,11.159285060512927,[4 7],"[[[0.57846497 0.42153503]
  [0.56031105 0.43968895]]

 [[0.2742787  0.7257213 ]
  [0.36844001 0.63155999]]]","[[2.63230254 2.65953343]
 [1.23543278 1.178936  ]]",True,False,False,"[('x0,,0', 7.126379985976984), ('x0,,1', 0.0), ('x1,0,0', 1.9746120176477584), ('x1,0,1', 0.0), ('x1,1,0', 0.0), ('x1,1,1', 0.0), ('y0_0_0', 1.0), ('y0_0_1', 0.0), ('y0_1_0', 1.0), ('y0_1_1', 0.0), ('y1_0_0', 1.0), ('y1_0_1', 0.0), ('y1_1_0', -0.0), ('y1_1_1', 1.0), ('z0_1,0', 1.0), ('z0_1,1', 0.0), ('z0_2,0-0', 1.0), ('z0_2,1-0', 0.0), ('z0_2,0-1', 0.0), ('z0_2,1-1', 0.0), ('z1_1,0', 1.0), ('z1_1,1', 0.0), ('z1_2,0-0', 0.0), ('z1_2,1-0', 1.0), ('z1_2,0-1', 0.0), ('z1_2,1-1', 0.0), ('a0', 0.0), ('a1', 0.26777150759859314)]"
0,7.327729130301068,7.3277291303010665,9.335079103438108,9.335079103438108,[3 7],"[[[0.34286588 0.65713412]
  [0.37387261 0.62612739]]

 [[0.4092357  0.5907643 ]
  [0.79235762 0.20764238]]]","[[1.87617883 1.83483652]
 [1.78768573 1.27685651]]",False,False,False,"[('x0,,0', 2.0000000000004188), ('x0,,1', 0.0), ('x1,0,0', 0.0), ('x1,0,1', 4.666666666666567), ('x1,1,0', 0.0), ('x1,1,1', 0.0), ('y0_0_0', 1.0), ('y0_0_1', 0.0), ('y0_1_0', 1.0), ('y0_1_1', 0.0), ('y1_0_0', 1.0), ('y1_0_1', 0.0), ('y1_1_0', 1.0), ('y1_1_1', 0.0), ('z0_1,0', 1.0), ('z0_1,1', 0.0), ('z0_2,0-0', 1.0), ('z0_2,1-0', 0.0), ('z0_2,0-1', 0.0), ('z0_2,1-1', 0.0), ('z1_1,0', 1.0), ('z1_1,1', 0.0), ('z1_2,0-0', 1.0), ('z1_2,1-0', 0.0), ('z1_2,0-1', 0.0), ('z1_2,1-1', 0.0), ('a0', 0.0), ('a1', 0.0)]"
0,7.526744930259136,7.526744930259136,13.526744930259147,13.526744930259147,[6 8],"[[[0.28371569 0.71628431]
  [0.78105021 0.21894979]]

 [[0.18953938 0.81046062]
  [0.63891615 0.36108385]]]","[[3.71628431 3.21894979]
 [3.81046062 3.36108385]]",False,False,False,"[('x0,,0', 6.0000000000010445), ('x0,,1', 0.0), ('x1,0,0', 0.0), ('x1,0,1', 7.999999999999687), ('x1,1,0', 0.0), ('x1,1,1', 0.0), ('y0_0_0', 1.0), ('y0_0_1', 0.0), ('y0_1_0', 1.0), ('y0_1_1', 0.0), ('y1_0_0', 1.0), ('y1_0_1', 0.0), ('y1_1_0', 1.0), ('y1_1_1', 0.0), ('z0_1,0', 1.0), ('z0_1,1', 0.0), ('z0_2,0-0', 1.0), ('z0_2,1-0', 0.0), ('z0_2,0-1', 0.0), ('z0_2,1-1', 0.0), ('z1_1,0', 1.0), ('z1_1,1', 0.0), ('z1_2,0-0', 1.0), ('z1_2,1-0', 0.0), ('z1_2,0-1', 0.0), ('z1_2,1-1', 0.0), ('a0', 0.0), ('a1', 0.0)]"
0,3.160691439734894,3.178267473305283,3.160691439734894,3.160691439734894,[0 3],"[[[0.33805631 0.66194369]
  [0.58059014 0.41940986]]

 [[0.49153906 0.50846094]
  [0.25719194 0.74280806]]]","[[0.49645777 0.31455739]
 [0.30507657 0.44568483]]",True,True,True,"[('x0,,0', 0.0), ('x0,,1', 0.7500000000001452), ('x1,0,0', 0.0), ('x1,0,1', 0.7499999999997707), ('x1,1,0', 0.0), ('x1,1,1', 0.7026767825961727), ('y0_0_0', 1.0), ('y0_0_1', 0.0), ('y0_1_0', 1.0), ('y0_1_1', 0.0), ('y1_0_0', -0.0), ('y1_0_1', 1.0), ('y1_1_0', -0.0), ('y1_1_1', 1.0), ('z0_1,0', 1.0), ('z0_1,1', 0.0), ('z0_2,0-0', 1.0), ('z0_2,1-0', 0.0), ('z0_2,0-1', 0.0), ('z0_2,1-1', 0.0), ('z1_1,0', -0.0), ('z1_1,1', 1.0), ('z1_2,0-0', 0.0), ('z1_2,1-0', 0.0), ('z1_2,0-1', 0.0), ('z1_2,1-1', 1.0), ('a0', 0.0), ('a1', 0.1876903497696491)]"
0,6.872573271194824,6.872573271194792,6.872573271194753,6.872573271194753,[0 8],"[[[0.71388826 0.28611174]
  [0.69566023 0.30433977]]

 [[0.23050019 0.76949981]
  [0.55430286 0.44569714]]]","[[0.45777878 0.48694363]
 [1.23119969 0.71311543]]",False,True,True,"[('x0,,0', 0.0), ('x0,,1', 1.5999999999986787), ('x1,0,0', 0.0), ('x1,0,1', 1.6000000000011874), ('x1,1,0', 0.0), ('x1,1,1', 1.6000000000014054), ('y0_0_0', -0.0), ('y0_0_1', 1.0), ('y0_1_0', 0.0), ('y0_1_1', 1.0), ('y1_0_0', 1.0), ('y1_0_1', 0.0), ('y1_1_0', 1.0), ('y1_1_1', 0.0), ('z0_1,0', -0.0), ('z0_1,1', 1.0), ('z0_2,0-0', 0.0), ('z0_2,1-0', 0.0), ('z0_2,0-1', 0.0), ('z0_2,1-1', 1.0), ('z1_1,0', 1.0), ('z1_1,1', 0.0), ('z1_2,0-0', 1.0), ('z1_2,1-0', 0.0), ('z1_2,0-1', 0.0), ('z1_2,1-1', 0.0), ('a0', 0.0), ('a1', 0.0)]"
0,6.184105275168884,6.5195577930826385,11.571397830595686,11.571397830595686,[5 7],"[[[0.37332024 0.62667976]
  [0.60675346 0.39324654]]

 [[0.44257449 0.55742551]
  [0.60754762 0.39245238]]]","[[2.08445317 1.92883103]
 [3.05742551 2.89245238]]",True,False,False,"[('x0,,0', 8.68756508480375), ('x0,,1', 0.0), ('x1,0,0', 1.7125308575117422), ('x1,0,1', 2.7125308575121383), ('x1,1,0', 0.0), ('x1,1,1', 0.0), ('y0_0_0', 1.0), ('y0_0_1', 0.0), ('y0_1_0', 1.0), ('y0_1_1', 0.0), ('y1_0_0', 1.0), ('y1_0_1', 0.0), ('y1_1_0', 1.0), ('y1_1_1', 0.0), ('z0_1,0', 1.0), ('z0_1,1', 0.0), ('z0_2,0-0', 1.0), ('z0_2,1-0', 0.0), ('z0_2,0-1', 0.0), ('z0_2,1-1', 0.0), ('z1_1,0', 1.0), ('z1_1,1', 0.0), ('z1_2,0-0', 1.0), ('z1_2,1-0', 0.0), ('z1_2,0-1', 0.0), ('z1_2,1-1', 0.0), ('a0', 1.4135481385942237), ('a1', 0.0)]"
0,11.280519047153755,11.280519040440726,13.641100792345537,13.641100792345535,[5 8],"[[[0.41334918 0.58665082]
  [0.2386547  0.7613453 ]]

 [[0.49407134 0.50592866]
  [0.14307828 0.85692172]]]","[[1.35199049 1.45680718]
 [1.62944649 1.89269129]]",False,False,False,"[('x0,,0', 4.297543279874114e-08), ('x0,,1', 0.5707857335436303), ('x1,0,0', 1.4768570808247754), ('x1,0,1', 0.7459521319395367), ('x1,1,0', 4.2652948703955134e-08), ('x1,1,1', 3.846633589853505), ('y0_0_0', 0.0), ('y0_0_1', 1.0), ('y0_1_0', 0.0), ('y0_1_1', 1.0), ('y1_0_0', 0.0), ('y1_0_1', 1.0), ('y1_1_0', 0.0), ('y1_1_1', 1.0), ('z0_1,0', 0.0), ('z0_1,1', 1.0), ('z0_2,0-0', 0.0), ('z0_2,1-0', 0.0), ('z0_2,0-1', 0.0), ('z0_2,1-1', 1.0), ('z1_1,0', 0.0), ('z1_1,1', 1.0), ('z1_2,0-0', 0.0), ('z1_2,1-0', 0.0), ('z1_2,0-1', 0.0), ('z1_2,1-1', 1.0), ('a0', 0.44956709086529445), ('a1', 2.052194893549654e-09)]"
0,5.559305009188206,6.422181346189072,7.559305009188218,7.853270544618512,[2 7],"[[[0.37836934 0.62163066]
  [0.89015961 0.10984039]]

 [[0.55552991 0.44447009]
  [0.19790866 0.80209134]]]","[[2.55407665 1.27460096]
 [1.05558762 1.50261418]]",True,False,False,"[('x0,,0', 2.0353331947355446), ('x0,,1', 0.0), ('x1,0,0', 0.0), ('x1,0,1', 0.0), ('x1,1,0', 0.0), ('x1,1,1', 3.244541063904865), ('y0_0_0', -0.0), ('y0_0_1', 1.0), ('y0_1_0', 1.0), ('y0_1_1', 0.0), ('y1_0_0', -0.0), ('y1_0_1', 1.0), ('y1_1_0', 0.0), ('y1_1_1', 1.0), ('z0_1,0', -0.0), ('z0_1,1', 1.0), ('z0_2,0-0', 0.0), ('z0_2,1-0', 0.0), ('z0_2,0-1', 1.0), ('z0_2,1-1', 0.0), ('z1_1,0', -0.0), ('z1_1,1', 1.0), ('z1_2,0-0', 0.0), ('z1_2,1-0', 0.0), ('z1_2,0-1', 0.0), ('z1_2,1-1', 1.0), ('a0', 0.0), ('a1', 0.0)]"
0,5.699257725942024,6.431389645514579,10.411593317591883,10.411593317591883,[4 8],"[[[0.74447182 0.25552818]
  [0.67202906 0.32797094]]

 [[0.51830974 0.48169026]
  [0.65262985 0.34737015]]]","[[2.51105637 2.65594187]
 [1.97558701 1.79649353]]",True,False,False,"[('x0,,0', 5.82191272939732), ('x0,,1', 0.0), ('x1,0,0', 0.17680641409017064), ('x1,0,1', 2.176806414090514), ('x1,1,0', 0.0), ('x1,1,1', 0.0), ('y0_0_0', 1.0), ('y0_0_1', 0.0), ('y0_1_0', 0.0), ('y0_1_1', 1.0), ('y1_0_0', 1.0), ('y1_0_1', 0.0), ('y1_1_0', 1.0), ('y1_1_1', 0.0), ('z0_1,0', 1.0), ('z0_1,1', 0.0), ('z0_2,0-0', 0.0), ('z0_2,1-0', 1.0), ('z0_2,0-1', 0.0), ('z0_2,1-1', 0.0), ('z1_1,0', 1.0), ('z1_1,1', 0.0), ('z1_2,0-0', 1.0), ('z1_2,1-0', 0.0), ('z1_2,0-1', 0.0), ('z1_2,1-1', 0.0), ('a0', 0.0), ('a1', 0.2065669910419392)]"
0,3.222755776480647,3.417942627928855,5.07979430669247,5.07979430669247,[2 3],"[[[0.18151252 0.81848748]
  [0.32451112 0.67548888]]

 [[0.52289709 0.47710291]
  [0.59569457 0.40430543]]]","[[0.5636975  0.53509778]
 [1.23855145 1.20215271]]",True,False,False,"[('x0,,0', 2.8815584837714496), ('x0,,1', 0.0), ('x1,0,0', 1.5678262955761515), ('x1,0,1', 0.0), ('x1,1,0', 0.0), ('x1,1,1', 0.20000000000065993), ('y0_0_0', -0.0), ('y0_0_1', 1.0), ('y0_1_0', 1.0), ('y0_1_1', 0.0), ('y1_0_0', 1.0), ('y1_0_1', 0.0), ('y1_1_0', -0.0), ('y1_1_1', 1.0), ('z0_1,0', -0.0), ('z0_1,1', 1.0), ('z0_2,0-0', 0.0), ('z0_2,1-0', 0.0), ('z0_2,0-1', 1.0), ('z0_2,1-1', 0.0), ('z1_1,0', 1.0), ('z1_1,1', 0.0), ('z1_2,0-0', 0.0), ('z1_2,1-0', 1.0), ('z1_2,0-1', 0.0), ('z1_2,1-1', 0.0), ('a0', 0.0), ('a1', 0.0)]"
0,6.2288767698078775,6.2356363538765045,6.2288767698077985,6.228876769807798,[0 8],"[[[0.34915019 0.65084981]
  [0.93272007 0.06727993]]

 [[0.49560964 0.50439036]
  [0.48293542 0.51706458]]]","[[1.7355995  0.17941315]
 [0.80702458 0.82730333]]",True,True,True,"[('x0,,0', 0.0), ('x0,,1', 2.6666666666666825), ('x1,0,0', 0.0), ('x1,0,1', 2.666666666666514), ('x1,1,0', 0.0), ('x1,1,1', 2.6405206713225526), ('y0_0_0', 1.0), ('y0_0_1', 0.0), ('y0_1_0', 1.0), ('y0_1_1', 0.0), ('y1_0_0', -0.0), ('y1_0_1', 1.0), ('y1_1_0', -0.0), ('y1_1_1', 1.0), ('z0_1,0', 1.0), ('z0_1,1', 0.0), ('z0_2,0-0', 1.0), ('z0_2,1-0', 0.0), ('z0_2,0-1', 0.0), ('z0_2,1-1', 0.0), ('z1_1,0', -0.0), ('z1_1,1', 1.0), ('z1_2,0-0', 0.0), ('z1_2,1-0', 0.0), ('z1_2,0-1', 0.0), ('z1_2,1-1', 1.0), ('a0', 0.0), ('a1', 1.0895519388036887)]"
0,11.869409159366876,11.869409159366874,15.862959509839637,15.862856009990024,[7 9],"[[[0.69808    0.30192   ]
  [0.4613021  0.5386979 ]]

 [[0.14147826 0.85852174]
  [0.54715108 0.45284892]]]","[[1.90096    2.01934895]
 [2.90568116 2.63523261]]",False,False,False,"[('x0,,0', 0.0), ('x0,,1', 0.0), ('x1,0,0', 0.0), ('x1,0,1', 6.769033415508694), ('x1,1,0', 3.7693489485815483), ('x1,1,1', 4.26934894858149), ('y0_0_0', -0.0), ('y0_0_1', 1.0), ('y0_1_0', 0.0), ('y0_1_1', 1.0), ('y1_0_0', 1.0), ('y1_0_1', 0.0), ('y1_1_0', 1.0), ('y1_1_1', 0.0), ('z0_1,0', -0.0), ('z0_1,1', 1.0), ('z0_2,0-0', 0.0), ('z0_2,1-0', 0.0), ('z0_2,0-1', 0.0), ('z0_2,1-1', 1.0), ('z1_1,0', 1.0), ('z1_1,1', 0.0), ('z1_2,0-0', 1.0), ('z1_2,1-0', 0.0), ('z1_2,0-1', 0.0), ('z1_2,1-1', 0.0), ('a0', 0.0), ('a1', 0.0)]"
0,5.590710518790299,5.794115312671324,6.270687334650681,6.270687334650681,[0 9],"[[[0.69326138 0.30673862]
  [0.42205499 0.57794501]]

 [[0.3355649  0.6644351 ]
  [0.60999558 0.39000442]]]","[[0.92021586 1.73383504]
 [2.98995796 1.75501987]]",True,False,False,"[('x0,,0', 0.0), ('x0,,1', 4.499999999999995), ('x1,0,0', 0.0), ('x1,0,1', 4.500000000000009), ('x1,1,0', 0.0), ('x1,1,1', 3.7961102203756742), ('y0_0_0', -0.0), ('y0_0_1', 1.0), ('y0_1_0', 0.0), ('y0_1_1', 1.0), ('y1_0_0', 1.0), ('y1_0_1', 0.0), ('y1_1_0', 1.0), ('y1_1_1', 0.0), ('z0_1,0', -0.0), ('z0_1,1', 1.0), ('z0_2,0-0', 0.0), ('z0_2,1-0', 0.0), ('z0_2,0-1', 0.0), ('z0_2,1-1', 1.0), ('z1_1,0', 1.0), ('z1_1,1', 0.0), ('z1_2,0-0', 1.0), ('z1_2,1-0', 0.0), ('z1_2,0-1', 0.0), ('z1_2,1-1', 0.0), ('a0', 1.3270254509247261), ('a1', 0.0)]"
0,4.800396671895333,4.800396671895333,5.361038423678568,5.361038423678568,[1 4],"[[[0.45445515 0.54554485]
  [0.37748963 0.62251037]]

 [[0.28901176 0.71098824]
  [0.42519871 0.57480129]]]","[[0.52732691 0.57350622]
 [0.62659294 0.54488078]]",False,False,False,"[('x0,,0', 0.0), ('x0,,1', 1.1625972088129446), ('x1,0,0', 0.0), ('x1,0,1', 0.6000000000005496), ('x1,1,0', 0.049777402206519494), ('x1,1,1', 0.6497774022072871), ('y0_0_0', -0.0), ('y0_0_1', 1.0), ('y0_1_0', 0.0), ('y0_1_1', 1.0), ('y1_0_0', 1.0), ('y1_0_1', 0.0), ('y1_1_0', 1.0), ('y1_1_1', 0.0), ('z0_1,0', -0.0), ('z0_1,1', 1.0), ('z0_2,0-0', 0.0), ('z0_2,1-0', 0.0), ('z0_2,0-1', 0.0), ('z0_2,1-1', 1.0), ('z1_1,0', 1.0), ('z1_1,1', 0.0), ('z1_2,0-0', 1.0), ('z1_2,1-0', 0.0), ('z1_2,0-1', 0.0), ('z1_2,1-1', 0.0), ('a0', 0.0), ('a1', 0.0)]"
0,7.883972432806619,7.88397242610618,10.24527941213558,10.24527941213558,[4 8],"[[[0.64261565 0.35738435]
  [0.63345171 0.36654829]]

 [[0.85503871 0.14496129]
  [0.52456851 0.47543149]]]","[[1.08590748 1.09323863]
 [1.52661505 1.96724199]]",False,False,False,"[('x0,,0', 2.09814811389756e-08), ('x0,,1', 1.1060766865098068), ('x1,0,0', 0.7117610375504129), ('x1,0,1', 1.4060540630503982), ('x1,1,0', 2.0800594495627894e-08), ('x1,1,1', 7.169529812647383), ('y0_0_0', 0.0), ('y0_0_1', 1.0), ('y0_1_0', 0.0), ('y0_1_1', 1.0), ('y1_0_0', 0.0), ('y1_0_1', 1.0), ('y1_1_0', 0.0), ('y1_1_1', 1.0), ('z0_1,0', 0.0), ('z0_1,1', 1.0), ('z0_2,0-0', 0.0), ('z0_2,1-0', 0.0), ('z0_2,0-1', 0.0), ('z0_2,1-1', 1.0), ('z1_1,0', 0.0), ('z1_1,1', 1.0), ('z1_2,0-0', 0.0), ('z1_2,1-0', 0.0), ('z1_2,0-1', 0.0), ('z1_2,1-1', 1.0), ('a0', 0.8469321406556924), ('a1', 2.1637131777429917e-09)]"
0,6.948253186001148,7.144661714992772,8.281586519334587,8.386338972671293,[2 7],"[[[0.4109144  0.5890856 ]
  [0.73122542 0.26877458]]

 [[0.48262961 0.51737039]
  [0.30460964 0.69539036]]]","[[1.648476   1.11462429]
 [0.91737039 1.09539036]]",True,False,False,"[('x0,,0', 1.9172882043124904), ('x0,,1', 0.0), ('x1,0,0', 0.0), ('x1,0,1', 0.0), ('x1,1,0', 0.0), ('x1,1,1', 2.310581704841911), ('y0_0_0', -0.0), ('y0_0_1', 1.0), ('y0_1_0', 1.0), ('y0_1_1', 0.0), ('y1_0_0', -0.0), ('y1_0_1', 1.0), ('y1_1_0', 0.0), ('y1_1_1', 1.0), ('z0_1,0', -0.0), ('z0_1,1', 1.0), ('z0_2,0-0', 0.0), ('z0_2,1-0', 0.0), ('z0_2,0-1', 1.0), ('z0_2,1-1', 0.0), ('z1_1,0', -0.0), ('z1_1,1', 1.0), ('z1_2,0-0', 0.0), ('z1_2,1-0', 0.0), ('z1_2,0-1', 0.0), ('z1_2,1-1', 1.0), ('a0', 0.0), ('a1', 0.0)]"
0,9.793512504046337,10.170810806141638,13.222900723710811,13.222900723710811,[5 8],"[[[0.22105328 0.77894672]
  [0.20770221 0.79229779]]

 [[0.70464648 0.29535352]
  [0.46848706 0.53151294]]]","[[1.46736803 1.47537867]
 [1.96202019 2.19817961]]",True,False,False,"[('x0,,0', 5.568807181398073), ('x0,,1', 0.0), ('x1,0,0', 0.0), ('x1,0,1', 0.0), ('x1,1,0', 1.2559321702267165), ('x1,1,1', 2.255932170226244), ('y0_0_0', 0.0), ('y0_0_1', 1.0), ('y0_1_0', 0.0), ('y0_1_1', 1.0), ('y1_0_0', -0.0), ('y1_0_1', 1.0), ('y1_1_0', 0.0), ('y1_1_1', 1.0), ('z0_1,0', 0.0), ('z0_1,1', 1.0), ('z0_2,0-0', 0.0), ('z0_2,1-0', 0.0), ('z0_2,0-1', 0.0), ('z0_2,1-1', 1.0), ('z1_1,0', -0.0), ('z1_1,1', 1.0), ('z1_2,0-0', 0.0), ('z1_2,1-0', 0.0), ('z1_2,0-1', 0.0), ('z1_2,1-1', 1.0), ('a0', 0.25412619058970787), ('a1', 0.0)]"
0,9.904954118592563,9.904954118592629,12.904954118592602,12.904954118592602,[6 7],"[[[0.4085256  0.5914744 ]
  [0.66570496 0.33429504]]

 [[0.61105626 0.38894374]
  [0.38486891 0.61513109]]]","[[1.6478686  1.58357376]
 [1.59723594 1.65378277]]",True,False,False,"[('x0,,0', 0.0), ('x0,,1', 5.127009193365345), ('x1,0,0', 0.11537392540018226), ('x1,0,1', 0.36537392540032054), ('x1,1,0', 0.0), ('x1,1,1', 0.24999999999958636), ('y0_0_0', 1.0), ('y0_0_1', 0.0), ('y0_1_0', 1.0), ('y0_1_1', 0.0), ('y1_0_0', -0.0), ('y1_0_1', 1.0), ('y1_1_0', -0.0), ('y1_1_1', 1.0), ('z0_1,0', 1.0), ('z0_1,1', 0.0), ('z0_2,0-0', 1.0), ('z0_2,1-0', 0.0), ('z0_2,0-1', 0.0), ('z0_2,1-1', 0.0), ('z1_1,0', -0.0), ('z1_1,1', 1.0), ('z1_2,0-0', 0.0), ('z1_2,1-0', 0.0), ('z1_2,0-1', 0.0), ('z1_2,1-1', 1.0), ('a0', 0.0), ('a1', 0.0)]"
0,7.9908455730969905,7.99084557309695,9.990845573096987,9.990845573096985,[4 6],"[[[0.89643763 0.10356237]
  [0.35734464 0.64265536]]

 [[0.47646433 0.52353567]
  [0.31542498 0.68457502]]]","[[1.05178119 1.32132768]
 [1.26176784 1.34228751]]",False,False,False,"[('x0,,0', 0.0), ('x0,,1', 0.0), ('x1,0,0', 0.0), ('x1,0,1', 3.692661739216688), ('x1,1,0', 1.999999999998847), ('x1,1,1', 3.000000000000637), ('y0_0_0', -0.0), ('y0_0_1', 1.0), ('y0_1_0', 0.0), ('y0_1_1', 1.0), ('y1_0_0', -0.0), ('y1_0_1', 1.0), ('y1_1_0', 0.0), ('y1_1_1', 1.0), ('z0_1,0', -0.0), ('z0_1,1', 1.0), ('z0_2,0-0', 0.0), ('z0_2,1-0', 0.0), ('z0_2,0-1', 0.0), ('z0_2,1-1', 1.0), ('z1_1,0', -0.0), ('z1_1,1', 1.0), ('z1_2,0-0', 0.0), ('z1_2,1-0', 0.0), ('z1_2,0-1', 0.0), ('z1_2,1-1', 1.0), ('a0', 0.0), ('a1', 0.0)]"
0,2.649758642755935,2.969635421149875,4.232332775076542,4.232332775076541,[1 5],"[[[0.80315582 0.19684418]
  [0.60273946 0.39726054]]

 [[0.58377307 0.41622693]
  [0.69965655 0.30034345]]]","[[0.35747535 0.51780843]
 [1.33245385 1.10068691]]",True,False,False,"[('x0,,0', 0.0), ('x0,,1', 3.9921225168579384), ('x1,0,0', 0.0), ('x1,0,1', 2.410413057691633), ('x1,1,0', 0.0), ('x1,1,1', 0.8000000000004557), ('y0_0_0', -0.0), ('y0_0_1', 1.0), ('y0_1_0', 0.0), ('y0_1_1', 1.0), ('y1_0_0', 1.0), ('y1_0_1', 0.0), ('y1_1_0', 1.0), ('y1_1_1', 0.0), ('z0_1,0', -0.0), ('z0_1,1', 1.0), ('z0_2,0-0', 0.0), ('z0_2,1-0', 0.0), ('z0_2,0-1', 0.0), ('z0_2,1-1', 1.0), ('z1_1,0', 1.0), ('z1_1,1', 0.0), ('z1_2,0-0', 1.0), ('z1_2,1-0', 0.0), ('z1_2,0-1', 0.0), ('z1_2,1-1', 0.0), ('a0', 0.8681043065997766), ('a1', 0.0)]"
0,3.9398375134006174,3.994594499265065,4.9398375134005,4.940971442241666,[2 3],"[[[0.42630503 0.57369497]
  [0.64340991 0.35659009]]

 [[0.50019112 0.49980888]
  [0.32057829 0.67942171]]]","[[0.64342374 0.58914752]
 [0.49996178 0.53588434]]",True,False,False,"[('x0,,0', 0.0), ('x0,,1', 1.6106528876951907), ('x1,0,0', 0.2194002784211238), ('x1,0,1', 0.46940027842068804), ('x1,1,0', 0.0), ('x1,1,1', 0.19999999999967416), ('y0_0_0', 1.0), ('y0_0_1', 0.0), ('y0_1_0', 1.0), ('y0_1_1', 0.0), ('y1_0_0', -0.0), ('y1_0_1', 1.0), ('y1_1_0', -0.0), ('y1_1_1', 1.0), ('z0_1,0', 1.0), ('z0_1,1', 0.0), ('z0_2,0-0', 1.0), ('z0_2,1-0', 0.0), ('z0_2,0-1', 0.0), ('z0_2,1-1', 0.0), ('z1_1,0', -0.0), ('z1_1,1', 1.0), ('z1_2,0-0', 0.0), ('z1_2,1-0', 0.0), ('z1_2,0-1', 0.0), ('z1_2,1-1', 1.0), ('a0', 0.0), ('a1', 0.15842819943101003)]"
0,6.0042037500731915,6.2903877523301395,9.115096151473619,9.155077126821162,[4 6],"[[[0.6081096  0.3918904 ]
  [0.71916387 0.28083613]]

 [[0.72328805 0.27671195]
  [0.28755637 0.71244363]]]","[[1.1959452  1.14041806]
 [2.27671195 2.71244363]]",True,False,False,"[('x0,,0', 0.0), ('x0,,1', 5.653948509947576), ('x1,0,0', 0.0), ('x1,0,1', 0.5000000000006153), ('x1,1,0', 0.0), ('x1,1,1', 1.960530807661512), ('y0_0_0', 1.0), ('y0_0_1', 0.0), ('y0_1_0', 1.0), ('y0_1_1', 0.0), ('y1_0_0', -0.0), ('y1_0_1', 1.0), ('y1_1_0', -0.0), ('y1_1_1', 1.0), ('z0_1,0', 1.0), ('z0_1,1', 0.0), ('z0_2,0-0', 1.0), ('z0_2,1-0', 0.0), ('z0_2,0-1', 0.0), ('z0_2,1-1', 0.0), ('z1_1,0', -0.0), ('z1_1,1', 1.0), ('z1_2,0-0', 0.0), ('z1_2,1-0', 0.0), ('z1_2,0-1', 0.0), ('z1_2,1-1', 1.0), ('a0', 0.01978295050879172), ('a1', 0.0)]"
0,10.292365852999565,10.419741444960497,14.57331739601766,14.57331739601766,[7 8],"[[[0.8872054  0.1127946 ]
  [0.56918682 0.43081318]]

 [[0.57083709 0.42916291]
  [0.59932962 0.40067038]]]","[[2.37093153 2.47693773]
 [1.85729073 1.8501676 ]]",True,False,False,"[('x0,,0', 5.108119152435645), ('x0,,1', 1.5276792840389741), ('x1,0,0', 0.0), ('x1,0,1', 0.3333333333334927), ('x1,1,0', 0.0), ('x1,1,1', 0.0), ('y0_0_0', 1.0), ('y0_0_1', 0.0), ('y0_1_0', 0.0), ('y0_1_1', 1.0), ('y1_0_0', 1.0), ('y1_0_1', 0.0), ('y1_1_0', 1.0), ('y1_1_1', 0.0), ('z0_1,0', 1.0), ('z0_1,1', 0.0), ('z0_2,0-0', 0.0), ('z0_2,1-0', 1.0), ('z0_2,0-1', 0.0), ('z0_2,1-1', 0.0), ('z1_1,0', 1.0), ('z1_1,1', 0.0), ('z1_2,0-0', 1.0), ('z1_2,1-0', 0.0), ('z1_2,0-1', 0.0), ('z1_2,1-1', 0.0), ('a0', 0.0), ('a1', 0.0)]"
0,12.711293831501218,13.131397814028173,16.744881368325107,16.744881368325107,[8 9],"[[[0.40477366 0.59522634]
  [0.96817707 0.03182293]]

 [[0.66412463 0.33587537]
  [0.65971101 0.34028899]]]","[[1.71904527 1.60636459]
 [2.08396884 2.08507225]]",True,False,False,"[('x0,,0', 0.0), ('x0,,1', 5.576106152066654), ('x1,0,0', 0.0), ('x1,0,1', 0.20000000000001134), ('x1,1,0', 2.187584732549617), ('x1,1,1', 2.437584732540188), ('y0_0_0', 1.0), ('y0_0_1', 0.0), ('y0_1_0', 1.0), ('y0_1_1', 0.0), ('y1_0_0', -0.0), ('y1_0_1', 1.0), ('y1_1_0', 0.0), ('y1_1_1', 1.0), ('z0_1,0', 1.0), ('z0_1,1', 0.0), ('z0_2,0-0', 1.0), ('z0_2,1-0', 0.0), ('z0_2,0-1', 0.0), ('z0_2,1-1', 0.0), ('z1_1,0', -0.0), ('z1_1,1', 1.0), ('z1_2,0-0', 0.0), ('z1_2,1-0', 0.0), ('z1_2,0-1', 0.0), ('z1_2,1-1', 1.0), ('a0', 0.0), ('a1', 0.0)]"
0,7.011515594508737,7.011515594508737,10.136228503592724,10.136228503592724,[4 6],"[[[0.6096002  0.3903998 ]
  [0.67219328 0.32780672]]

 [[0.13176311 0.86823689]
  [0.25969247 0.74030753]]]","[[1.59359987 1.55187115]
 [1.91215793 1.82687169]]",False,False,False,"[('x0,,0', 0.0), ('x0,,1', 0.0), ('x1,0,0', 2.6666666666666208), ('x1,0,1', 4.000000000000094), ('x1,1,0', 0.0), ('x1,1,1', 0.0), ('y0_0_0', 1.0), ('y0_0_1', 0.0), ('y0_1_0', 1.0), ('y0_1_1', 0.0), ('y1_0_0', 1.0), ('y1_0_1', 0.0), ('y1_1_0', 1.0), ('y1_1_1', 0.0), ('z0_1,0', 1.0), ('z0_1,1', 0.0), ('z0_2,0-0', 1.0), ('z0_2,1-0', 0.0), ('z0_2,0-1', 0.0), ('z0_2,1-1', 0.0), ('z1_1,0', 1.0), ('z1_1,1', 0.0), ('z1_2,0-0', 1.0), ('z1_2,1-0', 0.0), ('z1_2,0-1', 0.0), ('z1_2,1-1', 0.0), ('a0', 0.0), ('a1', 0.0)]"
0,5.581665906414045,5.581665906414045,9.457705890435014,9.478016235680855,[4 8],"[[[0.65736508 0.34263492]
  [0.83207973 0.16792027]]

 [[0.71238718 0.28761282]
  [0.84546956 0.15453044]]]","[[2.68526984 2.33584054]
 [1.03009026 0.92362435]]",False,False,False,"[('x0,,0', 0.0), ('x0,,1', 13.674233261649825), ('x1,0,0', 0.0), ('x1,0,1', 1.9999999999994198), ('x1,1,0', 0.0), ('x1,1,1', 0.0), ('y0_0_0', 1.0), ('y0_0_1', 0.0), ('y0_1_0', 1.0), ('y0_1_1', 0.0), ('y1_0_0', 1.0), ('y1_0_1', 0.0), ('y1_1_0', 1.0), ('y1_1_1', 0.0), ('z0_1,0', 1.0), ('z0_1,1', 0.0), ('z0_2,0-0', 1.0), ('z0_2,1-0', 0.0), ('z0_2,0-1', 0.0), ('z0_2,1-1', 0.0), ('z1_1,0', 1.0), ('z1_1,1', 0.0), ('z1_2,0-0', 1.0), ('z1_2,1-0', 0.0), ('z1_2,0-1', 0.0), ('z1_2,1-1', 0.0), ('a0', 0.0), ('a1', 2.4479299258235345)]"
0,4.290076760154111,4.290076760154111,4.956743426820843,4.956743426820843,[1 4],"[[[0.93951931 0.06048069]
  [0.38043815 0.61956185]]

 [[0.14119014 0.85880986]
  [0.3989146  0.6010854 ]]]","[[0.39381403 0.95289519]
 [1.19214319 0.93441873]]",False,False,False,"[('x0,,0', 0.0), ('x0,,1', 1.7762680640645), ('x1,0,0', 0.0), ('x1,0,1', 1.0000000000001008), ('x1,1,0', 0.14857846131641925), ('x1,1,1', 1.2085274782182287), ('y0_0_0', -0.0), ('y0_0_1', 1.0), ('y0_1_0', 0.0), ('y0_1_1', 1.0), ('y1_0_0', 1.0), ('y1_0_1', 0.0), ('y1_1_0', 1.0), ('y1_1_1', 0.0), ('z0_1,0', -0.0), ('z0_1,1', 1.0), ('z0_2,0-0', 0.0), ('z0_2,1-0', 0.0), ('z0_2,0-1', 0.0), ('z0_2,1-1', 1.0), ('z1_1,0', 1.0), ('z1_1,1', 0.0), ('z1_2,0-0', 1.0), ('z1_2,1-0', 0.0), ('z1_2,0-1', 0.0), ('z1_2,1-1', 0.0), ('a0', 0.0), ('a1', 0.0)]"
0,3.9136629616523546,3.9885999444266633,3.9136629616523244,3.9136629616523244,[0 5],"[[[0.70450035 0.29549965]
  [0.47968941 0.52031059]]

 [[0.34621171 0.65378829]
  [0.58337425 0.41662575]]]","[[0.29549965 0.52031059]
 [1.08964716 0.69437625]]",True,True,True,"[('x0,,0', 0.0), ('x0,,1', 1.666666666666759), ('x1,0,0', 0.0), ('x1,0,1', 1.6666666666665224), ('x1,1,0', 0.0), ('x1,1,1', 1.3786195514262332), ('y0_0_0', -0.0), ('y0_0_1', 1.0), ('y0_1_0', 0.0), ('y0_1_1', 1.0), ('y1_0_0', 1.0), ('y1_0_1', 0.0), ('y1_1_0', 1.0), ('y1_1_1', 0.0), ('z0_1,0', -0.0), ('z0_1,1', 1.0), ('z0_2,0-0', 0.0), ('z0_2,1-0', 0.0), ('z0_2,0-1', 0.0), ('z0_2,1-1', 1.0), ('z1_1,0', 1.0), ('z1_1,1', 0.0), ('z1_2,0-0', 1.0), ('z1_2,1-0', 0.0), ('z1_2,0-1', 0.0), ('z1_2,1-1', 0.0), ('a0', 0.5438734927382196), ('a1', 0.0)]"
0,10.88729565513415,10.898700781352966,13.061908902763012,13.061908902763012,[5 9],"[[[0.56604061 0.43395939]
  [0.95828323 0.04171677]]

 [[0.63055101 0.36944899]
  [0.41332309 0.58667691]]]","[[1.34716751 1.03337341]
 [1.61944899 1.83667691]]",True,False,False,"[('x0,,0', 0.0), ('x0,,1', 0.8581534256726594), ('x1,0,0', 1.9747637746971085), ('x1,0,1', 2.7747637746973566), ('x1,1,0', 0.0), ('x1,1,1', 5.403135822351401), ('y0_0_0', 1.0), ('y0_0_1', 0.0), ('y0_1_0', 1.0), ('y0_1_1', 0.0), ('y1_0_0', -0.0), ('y1_0_1', 1.0), ('y1_1_0', -0.0), ('y1_1_1', 1.0), ('z0_1,0', 1.0), ('z0_1,1', 0.0), ('z0_2,0-0', 1.0), ('z0_2,1-0', 0.0), ('z0_2,0-1', 0.0), ('z0_2,1-1', 0.0), ('z1_1,0', -0.0), ('z1_1,1', 1.0), ('z1_2,0-0', 0.0), ('z1_2,1-0', 0.0), ('z1_2,0-1', 0.0), ('z1_2,1-1', 1.0), ('a0', 0.0), ('a1', 0.0)]"
0,7.749192776057222,7.9217256269950465,9.66845031932912,9.66845031932912,[4 6],"[[[0.42045286 0.57954714]
  [0.81241049 0.18758951]]

 [[0.65723073 0.34276927]
  [0.46724692 0.53275308]]]","[[1.28977357 1.09379476]
 [0.93710771 1.01310123]]",True,False,False,"[('x0,,0', 0.0), ('x0,,1', 3.4032674987725917), ('x1,0,0', 0.0), ('x1,0,1', 1.0477028796147516), ('x1,1,0', 0.0), ('x1,1,1', 0.39999999999961733), ('y0_0_0', 1.0), ('y0_0_1', 0.0), ('y0_1_0', 1.0), ('y0_1_1', 0.0), ('y1_0_0', -0.0), ('y1_0_1', 1.0), ('y1_1_0', -0.0), ('y1_1_1', 1.0), ('z0_1,0', 1.0), ('z0_1,1', 0.0), ('z0_2,0-0', 1.0), ('z0_2,1-0', 0.0), ('z0_2,0-1', 0.0), ('z0_2,1-1', 0.0), ('z1_1,0', -0.0), ('z1_1,1', 1.0), ('z1_2,0-0', 0.0), ('z1_2,1-0', 0.0), ('z1_2,0-1', 0.0), ('z1_2,1-1', 1.0), ('a0', 0.0), ('a1', 0.0)]"
0,8.687577671307672,9.452151269500007,11.664758191253105,11.664758191253105,[2 8],"[[[0.33235399 0.66764601]
  [0.41843322 0.58156678]]

 [[0.30410708 0.69589292]
  [0.16241826 0.83758174]]]","[[2.00195868 1.82980022]
 [1.23507151 1.40509809]]",True,False,False,"[('x0,,0', 5.508293544686932), ('x0,,1', 0.0), ('x1,0,0', 0.0), ('x1,0,1', 0.0), ('x1,1,0', 0.0), ('x1,1,1', 2.286999172685489), ('y0_0_0', -0.0), ('y0_0_1', 1.0), ('y0_1_0', 1.0), ('y0_1_1', 0.0), ('y1_0_0', -0.0), ('y1_0_1', 1.0), ('y1_1_0', 0.0), ('y1_1_1', 1.0), ('z0_1,0', -0.0), ('z0_1,1', 1.0), ('z0_2,0-0', 0.0), ('z0_2,1-0', 0.0), ('z0_2,0-1', 1.0), ('z0_2,1-1', 0.0), ('z1_1,0', -0.0), ('z1_1,1', 1.0), ('z1_2,0-0', 0.0), ('z1_2,1-0', 0.0), ('z1_2,0-1', 0.0), ('z1_2,1-1', 1.0), ('a0', 0.0), ('a1', 0.0)]"
0,8.846930128433684,9.954750824046352,15.184723293762843,15.184723293762843,[6 9],"[[[0.54521366 0.45478634]
  [0.37740952 0.62259048]]

 [[0.21719932 0.78280068]
  [0.39321191 0.60678809]]]","[[3.68217951 3.93388572]
 [2.08710051 1.95509107]]",True,False,False,"[('x0,,0', 10.527017859697024), ('x0,,1', 0.0), ('x1,0,0', 0.9427055848488344), ('x1,0,1', 2.442705584848324), ('x1,1,0', 0.0), ('x1,1,1', 0.0), ('y0_0_0', 1.0), ('y0_0_1', 0.0), ('y0_1_0', 0.0), ('y0_1_1', 1.0), ('y1_0_0', 1.0), ('y1_0_1', 0.0), ('y1_1_0', 1.0), ('y1_1_1', 0.0), ('z0_1,0', 1.0), ('z0_1,1', 0.0), ('z0_2,0-0', 0.0), ('z0_2,1-0', 1.0), ('z0_2,0-1', 0.0), ('z0_2,1-1', 0.0), ('z1_1,0', 1.0), ('z1_1,1', 0.0), ('z1_2,0-0', 1.0), ('z1_2,1-0', 0.0), ('z1_2,0-1', 0.0), ('z1_2,1-1', 0.0), ('a0', 0.0), ('a1', 0.2291666601497031)]"
0,1.6645217660573077,1.795850366746565,2.7915751595872424,2.7915751595872424,[1 2],"[[[0.75160745 0.24839255]
  [0.29277517 0.70722483]]

 [[0.51986209 0.48013791]
  [0.37818129 0.62181871]]]","[[0.41613085 0.56907494]
 [0.74006896 0.81090935]]",True,False,False,"[('x0,,0', 0.0), ('x0,,1', 1.6090860757658898), ('x1,0,0', 0.46748572539270766), ('x1,0,1', 0.9674857253927465), ('x1,1,0', 0.0), ('x1,1,1', 0.3333333333334377), ('y0_0_0', -0.0), ('y0_0_1', 1.0), ('y0_1_0', 0.0), ('y0_1_1', 1.0), ('y1_0_0', 1.0), ('y1_0_1', 0.0), ('y1_1_0', 0.0), ('y1_1_1', 1.0), ('z0_1,0', -0.0), ('z0_1,1', 1.0), ('z0_2,0-0', 0.0), ('z0_2,1-0', 0.0), ('z0_2,0-1', 0.0), ('z0_2,1-1', 1.0), ('z1_1,0', 1.0), ('z1_1,1', 0.0), ('z1_2,0-0', 0.0), ('z1_2,1-0', 1.0), ('z1_2,0-1', 0.0), ('z1_2,1-1', 0.0), ('a0', 0.23557734412547043), ('a1', 0.0)]"
0,5.9286960263921555,6.429822064807373,9.72978731481906,9.72978731481906,[2 8],"[[[0.49969686 0.50030314]
  [0.41710692 0.58289308]]

 [[0.58112354 0.41887646]
  [0.30659745 0.69340255]]]","[[2.50090941 2.74867924]
 [0.90265175 1.23208307]]",True,False,False,"[('x0,,0', 6.972549323394804), ('x0,,1', 0.0), ('x1,0,0', 0.0), ('x1,0,1', 0.0), ('x1,1,0', 1.740926298213187), ('x1,1,1', 2.9409262982133075), ('y0_0_0', -0.0), ('y0_0_1', 1.0), ('y0_1_0', 1.0), ('y0_1_1', 0.0), ('y1_0_0', -0.0), ('y1_0_1', 1.0), ('y1_1_0', 0.0), ('y1_1_1', 1.0), ('z0_1,0', -0.0), ('z0_1,1', 1.0), ('z0_2,0-0', 0.0), ('z0_2,1-0', 0.0), ('z0_2,0-1', 1.0), ('z0_2,1-1', 0.0), ('z1_1,0', -0.0), ('z1_1,1', 1.0), ('z1_2,0-0', 0.0), ('z1_2,1-0', 0.0), ('z1_2,0-1', 0.0), ('z1_2,1-1', 1.0), ('a0', 0.0), ('a1', 2.246609040612081)]"
0,4.753332876508992,4.75333287650899,7.218821480372501,7.218821480372501,[1 8],"[[[0.45208467 0.54791533]
  [0.51562875 0.48437125]]

 [[0.47553451 0.52446549]
  [0.73882533 0.26117467]]]","[[2.41770367 2.19529939]
 [2.33562921 1.41411135]]",False,False,False,"[('x0,,0', 0.9999999999976861), ('x0,,1', 0.0), ('x1,0,0', 0.0), ('x1,0,1', 8.000000000002043), ('x1,1,0', 0.0), ('x1,1,1', 0.0), ('y0_0_0', 1.0), ('y0_0_1', 0.0), ('y0_1_0', 1.0), ('y0_1_1', 0.0), ('y1_0_0', 1.0), ('y1_0_1', 0.0), ('y1_1_0', 1.0), ('y1_1_1', 0.0), ('z0_1,0', 1.0), ('z0_1,1', 0.0), ('z0_2,0-0', 1.0), ('z0_2,1-0', 0.0), ('z0_2,0-1', 0.0), ('z0_2,1-1', 0.0), ('z1_1,0', 1.0), ('z1_1,1', 0.0), ('z1_2,0-0', 1.0), ('z1_2,1-0', 0.0), ('z1_2,0-1', 0.0), ('z1_2,1-1', 0.0), ('a0', 0.0), ('a1', 0.0)]"
0,9.985799551278355,10.419279257676145,13.319132884611761,13.406080981113268,[5 9],"[[[0.31827485 0.68172515]
  [0.49699948 0.50300052]]

 [[0.43705032 0.56294968]
  [0.69504947 0.30495053]]]","[[1.93172515 1.75300052]
 [2.41726625 2.07326737]]",True,False,False,"[('x0,,0', 5.9658124010106794), ('x0,,1', 0.0), ('x1,0,0', 1.4765727202564043), ('x1,0,1', 2.8099060535898492), ('x1,1,0', 0.0), ('x1,1,1', 0.0), ('y0_0_0', 1.0), ('y0_0_1', 0.0), ('y0_1_0', 1.0), ('y0_1_1', 0.0), ('y1_0_0', 1.0), ('y1_0_1', 0.0), ('y1_1_0', 1.0), ('y1_1_1', 0.0), ('z0_1,0', 1.0), ('z0_1,1', 0.0), ('z0_2,0-0', 1.0), ('z0_2,1-0', 0.0), ('z0_2,0-1', 0.0), ('z0_2,1-1', 0.0), ('z1_1,0', 1.0), ('z1_1,1', 0.0), ('z1_2,0-0', 1.0), ('z1_2,1-0', 0.0), ('z1_2,0-1', 0.0), ('z1_2,1-1', 0.0), ('a0', 0.4208573520547114), ('a1', 0.0)]"
